Year;The organization works (1 - works, 0 - no);The organization receives agricultural production from the activity (1 - yes, 0 - no);Number of workers last year, persons;Average monthly salary of workers last year;Size of acreage last year, hectare;Conditional livestock of farm animals last year, heads;Quantity of agricultural machinery last year, pieces;Cost of fixed assets of the organization last year;Costs of production of the organization last year;Prime cost of the made agricultural production last year;Proceeds from sales of the made agricultural production last year;Profit on realization of the made agricultural production last year
2017;1;1;59;14165.25424;0;1269;10;84291;83258;57956;62738;4782
2017;1;1;18;14532.40741;4585;407;14;42297;22272;14917;14988;71
2017;1;1;4;17416.66667;752;0;5;1763;4117;2679;2715;36
2017;1;1;12;9465.277778;1137;183;7;19685;11950;10610;10759;149
2017;1;1;29;18408.04598;3148;0;23;92958;41858;26904;32052;5148
2017;1;0;1;13166.66667;1813;0;12;58774;629;629;870;241
2017;1;1;38;17500;3457;869;22;116770;83207;51570;54048;2478
2017;1;1;38;14927.63158;1991;156;23;37561;25819;16756;13053;-3703
2017;1;1;56;14348.21429;3400;0;0;3504;35747;26596;25253;-1343
2017;0;0;9;15222.22222;1067;454.85;6;54376;29418;16534;17482;948
2017;1;1;9;15212.96296;700;17.85;6;32705;10104;5779;4856;-923
2017;1;1;3;17027.77778;1346;0;4;12129;18766;16534;16351;-183
2017;0;0;8;14750;6919;0;6;89203;34067;16632;20236;3604
2017;1;1;112;16916.66667;3285;762;15;112452;104837;68176;58134;-10042
2017;1;1;166;18370.48193;6144;1939;28;536568;234393;177649;183767;6118
2017;1;1;7;15000;333;0;7;28236;15614;15548;16016;468
2017;1;1;4;14958.33333;135;0;2;4056;4157;3234;3237;3
2017;1;1;1.8;14351.85185;148;0;2;5539;3334;1954;2020;66
2017;1;1;4;15000;123;0;2;3379;3615;2626;2633;7
2017;1;1;7;15119.04762;696;0;8;113087;35536;30467;40814;10347
2017;1;1;7.7;11222.94372;806;0;18;173651;54278;46134;58990;12856
2017;1;1;45;15216.66667;1220;865;6;101373;68081;53645;49593;-4052
2017;1;1;3;15833.33333;90;0;1;32070;6980;3927;4661;734
2017;1;1;10;15675;646;0;11;22065;7926;6561;4935;-1626
2017;1;1;13;14615.38462;1169;0;9;203664;72307;57331;83433;26102
2017;1;1;2;15958.33333;263;0;9;14301;4160;3156;3951;795
2017;1;1;6;15486.11111;1428;0;6;27536;12606;11393;12481;1088
2017;1;1;3;18527.77778;235;658;0;10742;29302;32925;36188;3263
2017;1;1;3;11055.55556;408;0;2;1770;1792;1354;1798;444
2017;1;1;95;44751.75439;8151;0;32;893140;369074;285908;352189;66281
2017;1;1;39;29126.06838;1316;0;7;179070;86857;41540;39712;-1828
2017;1;1;55;19221.21212;1920;946;20;225273;153557;95190;88815;6375
2017;1;1;23;15851.44928;494;231;14;57100;35334;20047;19578;469
2017;1;1;18;9379.62963;4440;0;14;136522;50681;38272;42089;3817
2017;1;1;91;21683.15018;4881;1043;20;213818;135739;101528;104988;3460
2017;1;1;87;14751.91571;4491;635;31;242700;103796;65376;74058;8682
2017;1;1;119;24109.94398;1139;0;21;341857;458832;398444;445490;47046
2017;1;1;103;22059.06149;3257;1810;29;627720;271802;183160;191034;7874
2017;1;0;14;19970.2381;580;0;25;95668;15026;11147;16379;5232
2017;1;1;99;20117.00337;3120;1021;25;203107;148706;109031;113335;4304
2017;1;1;32;14427.08333;2567;728;4;48162;44485;35315;35218;-97
2017;1;1;2;14625;437;0;4;3596;5572;1861;2089;228
2017;1;1;24;14489.58333;3384;0;8;55012;41762;25720;23154;-2566
2017;1;1;1;24333.33333;630;0;1;8148;4466;5470;5134;-336
2017;1;1;2;14375;73;0;2;4803;4912;2981;3140;159
2017;1;1;146;17406.96347;4920;1299;26;318320;280127;167029;225893;58864
2017;1;1;26;14102.5641;0;594;6;35818;51578;42704;50602;7898
2017;1;1;3;18250;50;36;0;478;2330;6127;4705;-1422
2017;1;1;9;16685.18519;0;256;0;928;15343;13516;13701;185
2017;1;1;58;14824.71264;4854;99;16;38775;60618;52815;51491;-1324
2017;1;1;101;15670.79208;6169;1003;43;321725;121271;80967;79728;-1239
2017;1;1;122;14192.62295;6352;711;15;72934;103696;75905;74463;-1442
2017;1;1;76;11757.67544;6776;854;24;292646;75628;68921;62612;-6309
2017;1;1;57;11745.61404;3574;244;21;63380;66624;66624;46889;-19735
2017;1;1;6;10750;1717;36;6;44426;2424;2156;2363;207
2017;1;1;2;6208.333333;152;0;3;8943;870;730;377;-353
2017;1;1;67;14155.47264;2527;794;25;36899;62445;43447;44813;1366
2017;1;1;480;18610.59028;12664;3421.54;89;468382;624554;411475;477745;66270
2017;1;1;2;7000;1530;0;0;3217;914;848;808;-40
2017;1;1;2;5791.666667;0;4;0;625;644;332;257;-75
2017;1;1;10;6016.666667;3318;37;8;74771;6134;10607;5575;-5032
2017;1;1;1;2833.333333;0;4;0;5781;375;322;227;-95
2017;1;1;30;22455.55556;1870;0;1;5132;28810;15299;20715;5416
2017;1;1;180;22706.48148;11361;2010;41;317188;302960;150060;186277;36217
2017;1;1;27;14379.62963;1370;300;15;61460;30777;19140;17757;-1383
2017;1;0;11;15318.18182;394;0;5;32441;22617;19824;27534;7710
2017;1;1;19;10850.87719;1747;0;4;14978;11604;11375;9506;-1869
2017;1;1;1;23750;255;0;4;13791;3193;3638;4358;720
2017;1;1;8;14479.16667;4198;0;14;23517;10400;7760;9199;1439
2017;1;1;65;11348.71795;3017;731;13;356087;103709;53330;26896;-26434
2017;1;1;53;15188.67925;3836;423;11;38203;59918;39957;43275;3318
2017;1;1;8;16822.91667;180;0;3;9252;6360;3199;4022;823
2017;1;1;144;19207.75463;3352;9789.12;0;577033;290578;279456;283909;4453
2017;1;1;125;20191.33333;2818;1009;16;159842;187430;132872;100270;-32602
2017;1;1;1083;19333.48723;1570;0;48;793823;1787472;1286677;1387029;100352
2017;1;1;20;18083.33333;1250;0;5;77666;14315;8746;4045;-4701
2017;1;1;1;16250;235;0;0;0;7241;1847;1898;51
2017;1;1;29;11864.94253;4357;394;12;24838;14454;8753;9528;775
2017;1;1;10;15316.66667;2704;285;15;21644;20952;14006;18791;4785
2017;1;1;85;24106.86275;4487;1143;28;190566;114379;75623;95419;19796
2017;1;1;51;17954.24837;3782;1127;25;111489;73654;45996;43912;-2084
2017;1;1;88;15362.68939;7273;0;48;151969;133679;107515;148465;40950
2017;1;1;74;15269.14414;4405;1776;24;205684;122810;70890;76942;6052
2017;1;1;6;6041.666667;619;241;12;26585;7636;5956;4235;-1721
2017;1;1;10;14475;1341;7;12;48411;15624;28917;28731;-186
2017;1;1;71;17251.17371;3592;951;21;47772;57048;34601;37856;3255
2017;1;1;126;15000;5514;1684;27;234842;273727;221505;225128;3623
2017;1;1;56;14973.21429;3509;890;22;38541;57891;35460;41431;5971
2017;1;1;37;15351.35135;4444;1200;13;117104;76008;74949;73655;-1294
2017;1;1;98;17269.55782;8332;930;34;250203;157290;98275;124686;26411
2017;1;1;5;10500;0;15;0;1811;962;1012;279;-733
2017;1;1;36;17111.11111;5413;0;20;89193;57566;52581;56460;3879
2017;1;1;34;17372.54902;33;0;3;49183;96125;86996;96641;9645
2017;1;1;4;16000;2032;0;0;0;10413;4407;4990;583
2017;1;1;66;14170.45455;3168;910;35;124265;80668;51993;52429;436
2017;1;1;245;18876.19048;10538;4113;82;1077719;571833;434254;452020;17766
2017;1;1;83;18415.66265;8778;0;25;89345;115849;79426;93015;13589
2017;1;1;23;16036.23188;3246;738;32;50003;47514;29450;40952;11502
2017;1;0;1;11583.33333;1313;0;9;351;2414;4425;1605;-2820
2017;1;1;155;33561.29032;4250;65932.02;14;2610274;2260909;1354705;1832384;477679
2017;1;1;3;3694.444444;1504;0;11;2638;855;530;650;120
2017;1;1;2;5583.333333;436;3;2;1115;257;336;178;-158
2017;1;1;1;20416.66667;1471;0;3;4362;3107;3108;3447;339
2017;1;1;2;2416.666667;1020;0;0;0;3504;2094;3494;1400
2017;1;0;1;14000;0;0;0;805;222;2205;869;-1336
2017;1;1;20;11158.33333;2252;0;7;9032;10135;6066;5485;-581
2017;1;1;30;19202.77778;3528;685;11;52717;24306;16986;15099;-1887
2017;1;0;2;8000;0;0;0;8664;563;563;574;11
2017;1;1;1464;24731.6143;2125;710;83;2132902;3210137;1825781;2508300;682519
2017;1;1;158;18839.66245;156;0;12;155593;165396;142147;147397;5250
2017;1;1;39;18147.4359;1701;407;1;1354;46800;36433;28033;-8400
2017;1;0;10;11083.33333;0;0;0;37448;28298;26057;31594;5537
2017;1;1;6;16041.66667;544;0;5;5258;8522;401;115;-286
2017;1;1;155;17566.12903;10637;1110;29;246361;183731;-92068;100169;192237
2017;1;1;42;14192.46032;2867;528;15;69896;39173;-17806;15920;33726
2017;1;1;2.4;15034.72222;537;86;1;5910;4107;-3016;3329;6345
2017;1;0;5;19216.66667;154.3;0;0;557;103;-103;163;266
2017;1;1;11;14992.42424;912;86;9;19491;6743;-4383;3247;7630
2017;1;1;1.4;14107.14286;766;45;0;1499;1100;-360;393;753
2017;1;1;1.4;14464.28571;1378;113;7;10289;6970;-5449;5343;10792
2017;1;0;0.5;3833.333333;1609;0;7;11687;111;-175;44;219
2017;1;1;0.5;18000;1500;0;0;0;311;-184;168;352
2017;1;1;6;15430.55556;1618;0;2;8245;7476;-7209;9998;17207
2017;1;1;75;16131.11111;2667;973;22;68201;52817;34321;35330;1009
2017;1;1;6;15833.33333;1511;286;9;10664;6275;2153;1572;-581
2017;1;1;5;11033.33333;2259;38;1;2579;2326;1777;1412;-365
2017;1;0;4;6375;3710;0;1;1402;985;1017;532;-485
2017;1;1;20;7637.5;1002;193;6;4707;7365;4152;3707;-445
2017;1;1;2;7958.333333;1611;0;2;2623;699;411;405;-6
2017;1;1;6;8291.666667;1259;0;13;11875;1893;2481;1050;-1431
2017;1;1;3;15500;150;12;1;10926;2479;745;1026;281
2017;1;1;649;18870.95532;17600;16029.321;145;1359603;710396;427184;418262;-8922
2017;1;1;7;16488.09524;2387;301;2;19392;12419;10243;10194;-91
2017;1;1;11;10287.87879;125;118;0;4555;4550;3570;3666;-96
2017;1;1;1;14500;482.6;94;3;8375;2204;1039;1079;40
2017;1;1;6;12972.22222;37;233;2;42930;5004;1419;1061;-358
2017;1;0;7;15130.95238;0;0;4;12199;8045;3355;3500;145
2017;1;0;15;13800;35;0;4;19721;19764;5472;3846;-1626
2017;1;1;31;16553.76344;1149;221;12;40982;18385;16066;15386;-680
2017;1;1;180;18574.53704;6447;3260;33;264725;228453;137333;158871;21539
2017;1;1;247;15897.4359;7587;3535;79;411694;225588;201527;205396;3869
2017;1;1;138;18510.86957;3858;1735;36;196964;138390;94683;109197;14514
2017;1;1;5;8983.333333;1840;0;2;5892;1782;790;749;-41
2017;1;1;3;7000;811;0;8;564;702;561;574;13
2017;1;1;64;14424.47917;3826;846;21;73192;54345;40264;38734;-1530
2017;1;1;44;11111.74242;3386;362;4;23290;24767;16825;16613;-212
2017;1;1;6;5541.666667;816;25;1;4411;2163;1354;1469;115
2017;1;1;1;6833.333333;70;0;1;7119;1989;862;1063;201
2017;1;1;86;17707.36434;1575;580;30;119038;99485;69565;73856;4291
2017;1;1;200;24370.83333;3019;1725;38;193031;221140;133706;128052;-5654
2017;1;1;11;9272.727273;240;0;5;26627;27528;27528;67577;40049
2017;1;1;90;29801.85185;3017;737;19;358399;247766;85606;93272;7666
2017;1;1;6;12500;277;0;6;2277;6989;6153;4994;-1159
2017;1;1;29;11034.48276;700;331;26;60158;26476;19752;17700;-2052
2017;1;1;2;11875;47;0;6;2109;1469;989;1035;46
2017;1;1;6;12305.55556;248;0;2;5610;5819;4056;4431;375
2017;1;1;56;21520.83333;2912;1206.22;21;274723;77212;27104;35451;8347
2017;1;1;20;12429.16667;565;0;7;38445;18512;14378;14351;-27
2017;1;1;31;14405.91398;731;156;14;20955;20423;13529;13327;-202
2017;1;1;135;18548.14815;2262;1152;30;152693;134635;84975;85909;934
2017;1;1;15;14227.77778;479;0;6;21645;9197;8680;5807;-2873
2017;1;1;233;27435.26466;3334;1919;35;249525;287881;180791;193158;12367
2017;1;1;229;18222.34352;2673;941;55;268769;209611;174316;197563;23247
2017;1;1;129;22764.85788;5507;1965;37;864951;240425;156784;167509;10725
2017;1;1;145;25054.02299;3920;1490;41;300732;274176;193955;183605;-10350
2017;1;1;113;37584.0708;5202;2200.32;30;544732;283554;196311;271476;75165
2017;1;1;87;15167.62452;5155;1068;23;196605;117287;65566;75085;9519
2017;1;1;75;18213.33333;4667;1166;24;118945;82230;46322;53435;7113
2017;1;1;90;25767.59259;0;1240;16;231483;127588;101970;113011;11041
2017;1;1;8;15572.91667;2968;0;4;61529;34541;18062;34750;16688
2017;1;1;6;16263.88889;2136;481;12;25703;27924;22542;22987;445
2017;1;0;1;16000;2382;0;0;0;23290;43477;42242;-1235
2017;1;0;2;13500;76;0;0;4844;781;780;908;128
2017;1;0;7;9547.619048;38;0;0;4416;2016;2015;2025;10
2017;1;1;2;13083.33333;895;0;0;1074;7882;5798;6213;415
2017;1;1;94;12499.11348;4366;581;41;102933;76494;96065;79297;-16768
2017;1;1;12;11756.94444;7446;0;0;22645;16761;14081;19931;5850
2017;1;1;2;15875;0;76;4;6824;7658;7586;4929;-2657
2017;1;1;11;15856.06061;2222;634;10;44415;97728;89725;82441;-7284
2017;1;1;186;25625;0;0;6;513657;810319;651551;849152;197601
2017;1;1;3;17333.33333;989;0;6;287422;4417;4417;4037;-380
2017;1;1;8.4;11081.34921;0;204;1;6319;7902;3745;8826;5081
2017;1;1;8;14750;6919;0;6;89203;34067;16632;20236;3604
2017;1;1;94;22775.70922;4599;1178;33;100110;131430;85052;85074;22
2017;1;1;70;11560.71429;8672;978;47;161915;11713;63660;90594;26934
2017;1;1;12;14166.66667;1320;194;3;8819;23190;13470;16008;2538
2017;1;1;76;20791.66667;2550;630;26;103248;87435;53583;56092;2509
2017;1;1;35;10602.38095;3684;574;18;80507;31330;16906;21383;4477
2017;1;1;26;24442.30769;6285;0;20;52738;45808;33933;38726;4793
2017;1;1;7;13797.61905;1954;426;7;11063;15662;16394;23093;6699
2017;1;1;74;14331.08108;3497;1268;31;143266;74357;32545;32860;315
2017;1;1;178;14817.8839;5222;1877;50;363407;273920;127070;113512;-13558
2017;1;1;18;11439.81481;2891;361;15;30021;17166;10694;11657;963
2017;1;1;128;16845.70313;4973;1593;34;78723;141281;73717;81223;7506
2017;1;1;388;20902.92096;6146;4042.3;72;403558;451456;237545;272947;35402
2017;1;1;108;15060.18519;5007;1517;39;251711;168449;95303;97086;1783
2017;1;1;189;19814.81481;4528;1517;38;264268;201051;115256;124015;8759
2017;1;0;1;10000;2;0;0;0;263;210;240;30
2017;1;1;18.2;19290.29304;60;0;3;58982;19824;7870;5589;-2281
2017;1;1;4;2875;2230;0;12;8315;1854;840;1050;210
2017;1;0;2;9666.666667;24;0;0;1193;766;476;593;117
2017;1;1;5;16650;3610;0;3;0;72911;42455;44651;2196
2017;1;1;6;7041.666667;500;116;2;3915;8095;2852;3659;807
2017;1;0;7;5273.809524;0;0;0;1169;884;258;637;379
2017;1;1;4;10625;869;206;5;4874;7487;4126;4768;642
2017;1;1;135;14100;25640;929;39;187404;242278;168205;315451;147246
2017;1;1;8;4166.666667;2091;0;6;6343;8844;6583;7609;1026
2017;1;1;3;10000;410;0;0;355;3416;2657;3675;1018
2017;1;1;2;5000;218;0;0;1074;995;665;680;15
2017;1;1;1;1916.666667;400;51;0;499;4969;1233;2671;1438
2017;1;1;1;2500;400;0;0;0;1113;404;530;126
2017;1;1;3;12388.88889;1700;574;0;35553;40158;22094;23058;964
2017;1;1;2;4041.666667;450;0;2;5577;1366;280;711;431
2017;1;1;12;10388.88889;851;267;6;21726;11280;8950;11785;2835
2017;1;1;32;6304.6875;3100;1132;13;40132;45166;18427;26804;8377
2017;1;1;1;6000;170;0;0;0;955;907;1290;383
2017;1;0;4;1895.833333;1250;0;27;12752;9462;3385;3403;18
2017;1;1;5;350;154;51;0;108;133;133;100;-33
2017;1;1;14;9041.666667;1713;0;9;18446;10294;8457;7407;-1050
2017;1;1;27;8925.925926;3794;574;33;68415;25643;17300;15364;-1936
2017;1;1;16;10401.04167;1725;0;11;19828;18231;9674;10526;852
2017;1;1;50;15228.33333;2167;1132;15;81783;48428;33978;39593;5615
2017;1;1;33;8133.838384;3399;#ÑÑÛËÊÀ!;16;51719;24005;17543;16451;-1092
2017;1;1;62;14291.66667;2891;0;27;0;38142;28868;19103;-9765
2017;1;1;103;21315.53398;12332;#ÑÑÛËÊÀ!;53;0;166197;102609;114082;11473
2017;1;1;2;15000;500;0;2;0;6695;4599;4425;-174
2017;1;1;139;20326.73861;5512;1809;26;0;131723;97492;95974;-1518
2017;1;1;62;24198.92473;0;42;1;0;47436;17079;29297;12218
2017;1;1;118;30768.36158;3185;2944;29;0;419415;328085;386361;58276
2017;1;1;177;24121.46893;169;0;10;0;156787;125564;165724;40160
2017;1;1;56;15811.0119;3643;242;29;0;77499;62006;46230;-15776
2017;1;1;14;14440.47619;396;117.23;5;9111;8722;7345;7813;468
2017;1;1;2;5958.333333;388;50;4;1552;2112;1820;1520;-300
2017;1;0;3;9722.222222;0;0;3;0;1129;857;1107;250
2017;1;1;5;13750;650;0;9;14843;6947;5076;6166;1090
2017;1;1;18;15444.44444;2175;429;8;21882;35187;20645;21289;644
2017;0;0;3;12583.33333;3886;0;11;53626;4384;5005;4970;-35
2017;0;0;0.4;10833.33333;2380;0;1;510;1990;243;615;372
2017;0;0;5;15300;1091;210.46;10;11389;9986;4640;4834;194
2017;1;1;3;10611.11111;307;0;6;517;2180;1130;1250;120
2017;1;1;52;14482.37179;1535;474;12;33415;51289;36328;36646;318
2017;1;1;3;12583.33333;3886;0;11;53626;4384;5005;4970;-35
2017;1;1;0.4;10833.33333;2380;0;1;510;1990;243;615;372
2017;1;1;3;14722.22222;303;16;0;360;921;357;431;74
2017;1;1;79;26509.49367;7068;103.41;19;367636;118279;74016;84458;10442
2017;1;1;25;22850;16078;0;5;189518;39578;14819;14822;3
2017;1;1;5;15300;1091;210.46;10;11389;9986;4640;4834;194
2017;1;1;6;15861.11111;2324;0;7;5591;2686;1395;1425;30
2017;1;1;262;21881.99746;9442;2744;62;496407;325236;185712;189545;3833
2017;1;1;220;15889.39394;9030;1081;38;334448;179594;103826;112158;8332
2017;1;1;242;23405.30303;7655;3749.58;35;435281;397313;213550;221931;8381
2017;1;1;50;18813.33333;3418;684;20;76337;51906;37770;33819;-3951
2017;1;1;15;14644.44444;327.4;0;3;12555;12730;13301;13715;414
2017;1;1;76;18092.10526;4219;503;20;150216;82423;47159;48133;974
2017;1;1;180;20308.33333;9013;3684;37;1141204;349727;167806;128997;-38809
2017;1;1;1.6;6979.166667;170;0;1;335;822;786;1177;391
2017;1;1;22;8814.393939;2135;474;17;8115;24350;13605;12987;0
2017;1;1;100;20002.5;4410;1300;24;243565;151568;102076;103300;1224
2017;1;1;3.3;14217.17172;1025;0;8;12795;3868;2324;3261;937
2017;1;1;68;14246.32353;2576;1362;21;340354;115004;93128;86628;-6500
2017;1;1;201;18850.33167;3749;1769;41;230956;213690;129799;146020;16221
2017;1;1;51;17562.0915;3515;797;40;219569;73984;52756;52842;86
2017;1;1;1250;23488.6;0;0;35;2906299;3583224;2993134;3362974;369840
2017;1;1;26;19660.25641;3325;0;12;72128;48953;50495;51223;728
2017;1;1;369;15970.64137;6111;0;59;265250;711571;573539;581936;8397
2017;1;1;7;26392.85714;4254;0;0;12602;42140;30233;33376;3143
2017;1;1;20;14516.66667;1883;361;5;27870;25844;18424;18592;168
2017;1;1;124;14298.3871;3983;1022;28;164953;102860;68295;59404;8891
2017;1;1;70;16397.61905;4704;723;17;435093;95167;55512;53774;-1738
2017;1;0;0.125;12000;145;0;0;0;169;125;182;57
2017;1;1;101;20251.65017;3781;1951;34;157430;100569;69046;71776;2730
2017;1;1;13;14891.02564;1439;0;7;38754;27671;14204;15561;1357
2017;1;1;52;14908.65385;13462;0;0;71022;221215;101723;195698;93975
2017;1;1;16;14333.33333;2230;0;12;19186;28975;31749;45948;14199
2017;1;1;10;9608.333333;450;558;6;17650;13161;10647;12200;1553
2017;1;1;47;14262.41135;3162;760;30;89497;52079;37425;39104;1679
2017;1;1;44;14403.40909;2840;787;31;74500;54161;33138;33568;430
2017;1;1;80;18489.58333;5986;1308;25;160522;96143;71686;78073;6387
2017;1;1;49;15795.91837;2862;755;10;66384;42783;33330;38570;5240
2017;1;1;157;19863.58811;4625;2205;48;311483;206595;141610;146063;4453
2017;1;1;49;21054.42177;2878;623;26;58766;54038;37930;37221;-709
2017;1;1;13;11564.10256;1406;0;1;3363;3231;1998;1899;-99
2017;1;1;60;15240.27778;3438;769;22;89967;49160;36585;37645;1060
2017;1;1;73;18616.43836;3282;864;22;98391;67216;43202;51371;8169
2017;1;1;112;19237.35119;5494;1405;21;117745;104283;68751;74329;5578
2017;1;1;86;23253.87597;4280;1647;27;133530;114003;64927;76261;11334
2017;1;1;83;18101.40562;3684;1212;25;119510;81510;53429;54891;1462
2017;1;1;193;18575.12953;7940;2309;44;304730;210495;128875;144896;16021
2017;1;1;100;17625.83333;4674;2309;35;173317;103734;73467;80592;7125
2017;1;1;29;22324.71264;2157;747;11;75336;41473;27265;28218;953
2017;1;1;60;16494.44444;4520;689;21;87061;67295;50444;52252;1808
2017;1;1;85;15020.58824;4225;686;19;101142;55609;41667;49488;7821
2017;1;1;13;15551.28205;2793;82;7;24381;15664;12682;8127;-4555
2017;1;1;1;16666.66667;0;70;4;15445;637;28;10;-18
2017;1;1;25;9930;4927;260;0;245;22772;21119;20185;-934
2017;1;1;87;18341.95402;4317;1066;14;59406;96926;72977;75455;2478
2017;1;1;62;15220.43011;3611;810;20;43589;43628;26872;27348;476
2017;1;1;80;10543.75;24000;0;48;319046;188051;107915;130137;22222
2017;1;1;7;15083.33333;8093;108;16;11859;8254;3730;5914;2184
2017;1;1;131;18261.45038;4953;1543;30;126373;122652;79806;84413;4607
2017;1;1;85;20007.84314;2947;974;23;99767;82224;49742;68935;19193
2017;1;1;137;19863.74696;2817;1645;30;195917;130867;94366;89592;-4774
2017;1;1;96;17975.69444;3495;1283;25;132399;99316;62145;74934;12789
2017;1;1;50;9531.666667;2976;590;11;43168;28259;16950;16898;-52
2017;1;1;10;13141.66667;1307;154;5;7307;5240;4828;4804;-24
2017;1;1;94;20747.34043;1997;988;37;278106;115794;68565;87615;19050
2017;1;1;16;15000;803;178;16;11930;16976;8969;10097;1128
2017;1;1;21;16666.66667;564;263;14;24068;23750;12150;12438;288
2017;1;1;55;18104.54545;3696;808;31;68374;72290;45794;47936;2142
2017;1;1;9;14787.03704;662;0;11;12305;11228;8153;8603;450
2017;1;1;5;15683.33333;616;282;2;21102;7459;3347;3003;-344
2017;1;1;4;9000;150;0;5;4640;1431;1384;2289;905
2017;1;1;14;15452.38095;430;209;7;4275;10634;7119;7488;369
2017;1;1;12;15465.27778;575;210;10;23980;14150;7733;5349;-2384
2017;1;1;85;22974.5098;14890;0;44;247679;190300;112236;127475;15239
2017;1;1;7;17047.61905;3318;476.57;13;62824;29103;19956;18280;-1676
2017;1;1;31;15112.90323;2870;748;10;26842;44979;19813;21905;2092
2017;1;1;5;15583.33333;2148;0;8;43233;20786;21654;24684;3030
2017;1;1;8;14031.25;461;0;10;6232;8920;5104;6205;1101
2017;1;1;122;21165.30055;17252;0;14;31150;442816;288088;319131;31043
2017;1;1;7;15119.04762;1997;103;6;14091;9734;8680;7417;-1263
2017;1;1;1;14250;1114;0;17;1729;2288;2609;2613;4
2017;1;1;3;15000;2166;223;7;12284;25625;11625;14647;3022
2017;1;1;3;18000;4536;0;12;25288;22468;22447;24239;-1792
2017;1;1;18;16194.44444;5495;817;13;106698;88099;82661;89644;6983
2017;1;0;1;34416.66667;206;0;0;400;3071;3071;2387;-684
2017;1;1;48;16939.23611;2215;0;10;83228;50894;39127;36715;-2412
2017;1;1;14;16107.14286;1183;0;13;21658;13503;9639;11702;2063
2017;1;1;46;20061.5942;2657;129;25;165457;47408;4378;5243;865
2017;1;0;6;8597.222222;2563;0;7;16828;5246;2406;2406;0
2017;1;1;19;14460.52632;1545;191;12;15433;24816;19935;28569;8634
2017;1;1;48;16939.23611;2215;0;10;83228;50894;39127;36715;-2412
2017;1;1;3;16666.66667;1370;0;10;19957;9869;7648;7964;316
2017;1;1;17;21166.66667;2392;0;10;42713;43746;17785;18109;324
2017;1;1;7;9511.904762;194;0;0;141;1790;476;298;-178
2017;1;1;139;25053.95683;3350;1363;47;243649;172316;123695;134652;10957
2017;1;1;4;12437.5;0;146;0;0;3059;2983;3171;188
2017;1;1;8;15979.16667;575;0;6;2036;4608;3657;4010;353
2017;1;1;3;11805.55556;848;0;6;792;1595;845;836;-9
2017;1;1;0.08;9375;300;0;6;1071;502;220;148;-72
2017;1;1;34;11735.29412;2351;774;19;31678;45882;29077;32157;3080
2017;1;1;25;12720;600;398;0;7570;23650;22509;20545;-1964
2017;1;1;30;13691.66667;2350;0;5;6606;30520;25788;14076;-11712
2017;1;1;7;49250;2380;0;2;77935;48388;36241;13569;-22672
2017;1;1;8;8656.25;1270;0;12;29238;6210;6214;4310;-1904
2017;1;1;5;20200;1513;0;14;34104;11593;9502;11565;2063
2017;1;1;52;16410.25641;5866;0;31;114278;91740;54786;68126;13340
2017;1;1;47;13434.39716;3632;440;19;48738;39531;26935;29622;2687
2017;1;1;147;16437.64172;6981;1268;40;179095;116727;79888;82984;3096
2017;1;1;103;14604.36893;6930;691;39;83991;81517;52068;77762;25694
2017;1;1;0.5;4500;89;0;2;639;110;-90;74;-16
2017;1;1;16;15005.20833;2399;676.2;8;165414;51633;-36408;43328;5577
2017;1;1;43;14205.42636;3760;614;28;52282;40425;-25136;18171;-6428
2017;1;1;3;8583.333333;1772;0;13;8286;1265;-894;718;-176
2017;1;1;2;9708.333333;1690;0;6;8984;1132;-619;320;-299
2017;1;1;1;12000;800;0;3;13631;395;-164;142;-22
2017;1;1;0.5;22500;1005;0;3;5723;1548;-1626;1546;-80
2017;1;1;11;13128.78788;3344;95;13;25129;7611;-3561;2731;-1478
2017;1;0;2;8208.333333;2336;103;21;21506;10052;-10052;6113;-2303
2017;1;1;19;8157.894737;2432;279;21;28394;14655;7547;6665;-882
2017;1;1;7;9488.095238;1047;123;13;12618;7640;3504;3340;-164
2017;1;1;5;6950;1617;0;2;4334;3460;3568;2896;-672
2017;1;1;3;12055.55556;351;41;4;7454;2926;1789;956;-833
2017;1;1;1;5500;365;0;0;1341;650;214;141;-73
2017;1;1;7;8642.857143;335;0;4;2044;1336;826;945;119
2017;1;1;5;16450;1885;291;2;10873;7215;5462;7433;1971
2017;1;1;60;15230.55556;2697;910;24;120576;74144;41892;43000;1108
2017;1;1;72;15034.72222;2598;876;33;71995;52749;37823;38662;839
2017;1;1;20;6904.166667;2896;169;14;16869;12945;10628;7844;-2784
2017;1;1;161;22229.29607;4087;1966;43;665024;199938;141323;163380;22057
2017;1;1;51;15171.56863;2590;638;5;24032;29895;22448;23760;1312
2017;1;1;24;20857.63889;2505;289;42;36299;28504;14771;16916;2145
2017;1;1;47;15508.86525;2608;609;27;48311;37559;23110;23868;758
2017;1;1;7;16630.95238;638;165;6;9768;9906;6354;5569;-785
2017;1;1;6;14805.55556;367;123;12;10621;7032;4234;3569;-665
2017;1;1;7;17857.14286;2390;173;18;11437;10921;5470;4829;-641
2017;1;1;60;14398.61111;1517;659;20;75070;52934;34455;38691;4236
2017;1;1;3;9194.444444;926;0;3;10772;6114;5168;4892;-276
2017;1;1;5;10716.66667;1102;0;6;21334;5977;7106;8198;1092
2017;1;1;23;15061.5942;685;186;18;21119;13598;9292;10028;736
2017;1;1;74;15671.17117;2392;890;27;76596;72974;45276;49732;4456
2017;1;1;3;10000;164;0;3;862;908;887;963;76
2017;1;1;9;7314.814815;870;124;10;25426;9198;5750;5665;-85
2017;1;1;35;14990.47619;1410;261;21;62932;31507;22668;24176;1508
2017;1;1;40;18214.58333;710;386;11;42127;24069;17685;18495;810
2017;1;1;51;17073.52941;4751;902;38;124978;66961;33202;36528;3326
2017;1;1;30;11219.44444;1910;902;0;6151;18271;12348;8715;-3633
2017;1;1;20;16200;2234;546;13;79964;31152;23302;25239;1937
2017;1;1;33;15411.61616;1550;553;22;53086;32445;21805;21888;83
2017;1;1;4;12229.16667;1116;93;3;21457;5090;2855;3753;898
2017;1;1;1;22500;1723;0;3;13485;2645;2339;2700;361
2017;1;1;1;17250;1100;88;7;5186;6490;2221;1927;-294
2017;1;1;1;15000;135;0;4;1298;760;519;973;454
2017;1;1;13;9756.410256;3811;0;9;22302;11327;10165;10913;748
2017;1;1;84;14277.77778;4291;506;24;110206;76568;51634;39518;-12116
2017;1;1;65;10303.84615;9352;600;36;140512;107728;55080;67885;12805
2017;1;1;3;9055.555556;1008;174;0;1555;14709;8380;8419;39
2017;1;1;82;18709.34959;2224;639;43;93315;61628;41822;47586;5764
2017;1;1;10;7975;2522;0;9;7870;5374;4864;3939;-925
2017;1;1;18;10962.96296;3745;0;18;41247;12666;4305;5967;1662
2017;1;1;10;17216.66667;1711;0;9;42169;23170;20889;24531;3642
2017;1;1;85;29501.96078;10338;0;0;1116584;375960;94313;134379;40066
2017;1;1;580;12425.57471;23526;2904.22;18;58544;344257;201593;252229;50636
2017;1;1;13;14506.41026;1585;212;10;9134;7943;4795;4242;-553
2017;1;1;65;18557.69231;2866;1009;19;118901;70220;39830;40544;714
2017;1;1;93;18916.66667;3360;1201;36;220536;110237;60002;61105;1103
2017;1;1;4;5979.166667;530;0;8;10280;1350;820;922;102
2017;1;1;60;15045.83333;2490;778;27;53356;41431;24764;25584;820
2017;1;1;4;7875;350;0;5;96291;1437;500;658;158
2017;1;1;14;13077.38095;0;0;0;7015;4848;5582;7040;1458
2017;1;1;1.5;14333.33333;350;0;0;0;3287;1084;1104;20
2017;1;1;296;33111.76802;578;0;12;1236294;442964;429043;448399;19356
2016;1;1;66;14348.48485;0;1239;12;83229;77999;56096;51830;-4266
2016;1;1;21;13095.2381;4981;426;14;42500;25374;18319;17407;-912
2016;1;1;6;11208.33333;752;0;6;1720;4023;3122;3484;362
2016;1;1;18;10666.66667;1137;233;8;21598;13485;11365;10797;-568
2016;1;1;30;16919.44444;3148;0;22;89589;31229;38214;38962;748
2016;1;0;1;12583.33333;1863;0;12;58774;471;5034;5365;331
2016;1;1;90;19451.85185;6342;1037;26;235066;150043;109884;144368;34484
2016;1;1;40;16350;3457.1;851;20;106298;80767;50045;52785;2740
2016;1;1;44;12439.39394;1991;248;23;35466;26336;16204;15051;-1153
2016;1;1;61;12963.11475;3400;0;0;2304;33895;28930;27918;-1012
2016;1;1;18;8689.814815;1067;637.7;7;55256;28495;12550;10898;-1652
2016;1;1;9;14527.77778;700;25.16;6;32629;10573;6550;7122;572
2016;1;1;5;8383.333333;1346;0;0;3291;15813;8962;8890;-72
2016;1;1;4;21645.83333;6369;0;4;46758;22265;19710;26655;6945
2016;1;1;166;18506.5261;5374;2032;28;532774;198214;143333;173579;30246
2016;1;1;92;37764.49275;7502;0;33;764446;317640;188258;350860;162602
2016;1;1;17;8848.039216;1469;0;8;153267;65736;37991;62420;24429
2016;1;1;48;15666.66667;1300;938;6;101322;71283;51042;49004;-2038
2016;1;1;40;18497.91667;1214;0;7;142666;42269;30383;39718;9335
2016;1;1;110;20587.12121;3326;932;15;108745;104841;83285;77415;-5870
2016;1;1;6;9444.444444;500;0;16;140283;33923;35248;75665;40417
2016;1;1;10;15608.33333;587;0;11;22992;8061;7654;6440;-1214
2016;1;1;5;16400;1954;0;0;17560;19875;8760;14349;5589
2016;1;1;8;16531.25;235;622;0;10508;17444;17948;21000;3052
2016;1;1;2;15208.33333;135;0;3;4056;3921;3265;3654;389
2016;1;1;4;15020.83333;123;0;2;3094;3397;2806;2998;192
2016;1;1;3;10055.55556;263;0;9;14301;5737;1070;1788;718
2016;1;1;17;8985.294118;344;0;9;10519;6507;5543;6193;650
2016;1;1;1;22500;80;0;1;29700;4917;2959;4328;1369
2016;1;1;7;15000;308;0;6;25315;16189;10743;17869;7126
2016;1;1;2;15000;148;0;2;5539;3574;2850;3274;424
2016;1;1;6;14805.55556;598;0;5;13158;10778;6128;8258;2130
2016;1;1;2;7750;372;0;2;1770;1434;1786;2455;669
2016;1;1;4;15000;308;0;11;3605;2170;1529;2473;944
2016;1;1;55;18013.63636;2212;904;21;213844;125762;84996;83906;-1090
2016;1;1;25;15723.33333;490;270;13;55811;29022;21197;21347;150
2016;1;1;10;9558.333333;5791;0;15;197387;36186;31547;48641;17094
2016;1;1;92;21597.82609;4761;1056;22;213999;129308;88563;103824;15261
2016;1;1;96;15322.91667;4491;621;31;241203;114854;78088;89402;11314
2016;1;1;133;20781.32832;1139;0;22;301174;398120;414797;452631;37834
2016;1;0;17;17014.70588;580;0;25;95294;15014;14850;15084;234
2016;1;1;99;21389.73064;3120;1053;24;198667;142276;101168;114644;13476
2016;1;0;66;14960.85859;3791;2179;14;417829;184439;170752;123139;-47613
2016;1;1;43;9905.03876;2567;712;4;48423;37589;27421;27280;-141
2016;1;1;1;20916.66667;437;0;4;3150;4320;2858;3487;629
2016;1;1;23;14717.3913;3883;0;11;61391;57846;34441;47817;13376
2016;1;1;2;14541.66667;666;0;2;15759;2884;4675;5081;406
2016;1;1;2;19708.33333;73;0;2;4763;6877;5226;5381;155
2016;1;1;142;16095.07042;3714;1234;26;318500;272361;160712;244567;83855
2016;1;1;51;15200.98039;4240;0;13;618030;73860;50451;80337;29886
2016;1;1;18;14495.37037;0;398;6;32315;40330;31377;32491;1114
2016;1;1;1;0;345;0;1;48680;1258;3950;5019;1069
2016;1;1;82;13815.04065;4854;366;18;54600;82617;65736;72689;6953
2016;1;1;113;14329.64602;5670;1070;49;315964;190629;98708;100288;1580
2016;1;1;112;15478.42262;6352;739;15;70539;101234;76068;85455;9387
2016;1;1;104;10415.86538;6776;872;33;305078;107741;71720;66324;-5396
2016;1;1;80;11379.16667;3574;619;25;105601;80614;54106;54659;553
2016;1;1;10;10291.66667;1868;61;6;39597;4400;8620;6525;-2095
2016;1;1;1;12083.33333;190;0;3;9835;1142;1049;836;-213
2016;1;1;70;11394.04762;2527;708;25;27480;45088;31369;41247;9878
2016;1;1;477;18131.55136;12430;3387.12;94;440174;604819;292469;377150;84681
2016;1;1;3;8305.555556;1216;0;0;3217;1623;561;420;-141
2016;1;1;3;6666.666667;314;5;0;625;810;431;228;-203
2016;1;1;22;7053.030303;3318;139;9;66933;10277;9404;10376;972
2016;1;1;1;416.6666667;0;14;0;5781;495;347;417;70
2016;1;1;17;19186.27451;1870;0;0;2617;15666;7051;11978;4927
2016;1;1;181;21831.95212;11387;2012;40;246955;280735;153860;158968;5108
2016;1;1;41;17408.53659;1370;330;15;60210;41877;25561;24520;-1041
2016;1;0;12;14250;418;0;5;30027;17118;12720;17240;4520
2016;1;1;1092;19181.01343;0;0;52;785592;1612438;1141087;1356092;215005
2016;1;1;49;15250;3836;414;11;33377;48909;28810;35365;6555
2016;1;1;8;22510.41667;950;0;3;9509;17407;13352;22242;8890
2016;1;1;148;21896.95946;3905;10024.74;17;615579;334534;314351;319267;4916
2016;1;1;1;16666.66667;380;0;0;0;8931;2630;3214;584
2016;1;1;70;10175;3017;513;13;341752;78374;44019;41074;-2945
2016;1;1;122;19948.08743;2818;1028;14;137465;143906;132658;156460;23802
2016;1;1;3;10638.88889;255;0;4;14333;3856;3167;4576;1409
2016;1;1;22;17102.27273;1250;0;5;77572;20721;14332;9455;-4877
2016;1;1;20;9512.5;1609;0;5;17605;12479;13031;11510;-1521
2016;1;1;11;11803.0303;4198;0;15;22852;10699;5191;5511;320
2016;1;1;35;10014.28571;4357;424;12;25094;15848;10562;10565;3
2016;1;1;15;13527.77778;2704;284;13;20288;19802;13620;17045;3425
2016;1;1;75;19667.77778;4487;1115;28;170257;100430;66375;83659;17284
2016;1;1;5;8900;0;15;0;0;1124;1233;1054;-179
2016;1;1;55;18260.60606;3782;1124;25;109565;71455;46506;44987;-1519
2016;1;1;5;7866.666667;0;15;0;21741;1017;1017;221;-796
2016;1;1;93;14827.95699;7273;0;50;141787;92550;79993;120247;40254
2016;1;1;80;14212.5;4405;1788;24;203271;115410;67450;68840;1390
2016;1;1;7;8404.761905;619;327;12;29656;13402;13700;12978;-722
2016;1;1;14;14815.47619;1341;60;14;48781;16814;6003;11188;5185
2016;1;1;74;14599.0991;3592;941;21;44914;49625;32082;32291;209
2016;1;1;149;12545.8613;5514;1684;27;226672;206508;142606;157580;14974
2016;1;1;57;13994.15205;3509;907;22;35908;48866;30078;35801;5723
2016;1;1;32;15169.27083;4444;966;14;104280;65107;67107;65575;-1532
2016;1;1;103;14468.4466;8332;889;34;245865;131456;96426;103155;6729
2016;1;1;74;12270.27027;0;3428.04;2;88385;105231;93012;95103;2091
2016;1;1;5;8050;0;15;0;1881;993;993;221;-772
2016;1;1;67;16946.51741;67;0;4;133413;181474;175091;191434;16343
2016;1;1;36;14807.87037;5410;0;12;57055;58856;17800;27800;10000
2016;1;1;75;14381.66667;3168;979;35;119257;75872;46973;49034;2061
2016;1;1;240;18723.95833;11184;4183;77;937300;567113;425212;425361;149
2016;1;1;83;17220.88353;8778;25;24;90224;95137;56315;60054;3739
2016;1;1;32;14731.77083;3111;709;33;46412;44579;31165;36367;5202
2016;1;1;2;16833.33333;1313;0;9;470;3436;2081;2163;82
2016;1;1;79;37475.31646;3370;14939.1;7;1288257;601779;188319;132047;-56272
2016;1;1;3;7027.777778;1504;0;11;2638;963;466;493;27
2016;1;1;4;3625;436;3;2;1143;361;261;160;-101
2016;1;1;5;8100;1210;0;0;1762;2735;2735;2739;4
2016;1;1;2;5833.333333;304;0;2;355;477;86;129;43
2016;1;1;15;9811.111111;2654;251.1;14;21873;12141;7148;7819;671
2016;1;0;2;10583.33333;0;0;0;0;337;724;431;-293
2016;1;1;20;10466.66667;2212;246.16;6;9261;9149;6390;5246;-1144
2016;1;1;33;16724.74747;3538;672;11;52560;23762;15476;13547;-1929
2016;1;1;26;10342.94872;4395;273;9;18205;11292;6928;6425;-503
2016;1;0;3;8500;0;0;0;8664;687;687;720;33
2016;1;1;1648;21045.05461;2125;685;91;1913562;3109342;1801753;2571072;769319
2016;1;1;161;17597.82609;363;0;12;147039;153402;134580;139140;4560
2016;1;1;337;23910.73195;0;45109.68;20;326177;1032851;876134;1031704;155570
2016;1;1;38;19914.47368;1701;410;1;20017;39473;24334;25502;2168
2016;1;0;9;12083.33333;0;0;0;37448;50688;42947;43752;805
2016;1;1;16;12458.33333;1128;194;7;15788;12730;9211;7132;-2079
2016;1;1;3;10500;0;0;3;12535;1449;199;150;-49
2016;1;1;38;14828.94737;2843;477;13;61393;35885;18063;18236;173
2016;1;1;3;14583.33333;537;86;0;2630;4452;2606;3126;520
2016;1;1;151;17073.39956;9016;1137;28;223678;166001;109853;113076;3223
2016;1;1;12;15034.72222;922;102;12;19761;7457;5438;4701;-737
2016;1;1;2;8958.333333;766;53;9;2005;1692;905;591;-314
2016;1;1;1;8000;1500;0;0;0;359;108;116;8
2016;1;1;2;15375;1043;226;8;10728;7687;4704;5121;417
2016;1;0;1;8000;1609;0;8;11857;234;28;146;118
2016;1;1;7;17642.85714;2003;0;2;8244;4810;5778;5581;-197
2016;1;1;74;15287.16216;2667;955;24;62600;49574;31322;33437;2115
2016;1;1;6;15708.33333;1511;244;9;10346;6893;2456;1454;-1002
2016;1;1;8;8604.166667;2259;48;1;3444;2748;2145;1768;-377
2016;1;1;3;6000;3710;0;1;1402;812;539;446;-93
2016;1;1;20;8400;1002;207;6;4620;9257;4944;4143;-801
2016;1;0;2;1500;2205;0;2;5215;497;417;241;-176
2016;1;1;2;7583.333333;1611;0;2;2623;645;620;319;-301
2016;1;1;6;10180.55556;1259;0;13;12043;2556;1547;783;-764
2016;1;0;1;3500;2005;0;10;2534;345;280;257;-23
2016;1;1;1;7500;0;1;0;2220;133;58;52;-6
2016;1;1;681;19874.57171;16380;15488.235;151;1220156;874108;467070;462131;-4939
2016;1;1;7;16214.28571;2387;317;1;15229;14108;10678;10587;-91
2016;1;0;8;13843.75;0;0;4;12199;9940;5450;5634;184
2016;1;1;11;11272.72727;695;114;0;4501;4342;2889;3146;257
2016;1;1;34;15066.17647;1149;260;12;41892;18600;15164;13997;-1167
2016;1;1;7;8869.047619;37;152;2;0;6392;8561;8573;12
2016;1;1;1;8000;432;80;1;6390;2149;1307;1275;-32
2016;1;1;10;20141.66667;0;0;6;0;7758;6450;3910;-2540
2016;1;1;162;17154.83539;5956;3007;34;230144;185027;107930;127967;20037
2016;1;1;269;14654.89467;7587;3231;71;368002;244477;169625;172154;2529
2016;1;1;140;18453.57143;3858;1730;36;188193;136080;83897;96579;12682
2016;1;1;5;7216.666667;1840;0;2;5892;1805;1434;1458;24
2016;1;1;3;8805.555556;811;0;8;564;857;733;700;-33
2016;1;1;68;15078.43137;3721;849;21;75417;62144;41330;39900;-1430
2016;1;1;40;11650;3386;340;4;23234;23580;22016;21623;-393
2016;1;1;5;7850;816;20;1;4161;1916;575;645;70
2016;1;1;86;18454.45736;1575;595;30;117882;106630;62670;72735;10065
2016;1;0;7;9440.47619;89;0;0;2200;1832;1681;1470;-211
2016;1;1;212;22724.84277;3019;1700;37;187004;210494;122114;132088;9974
2016;1;1;78;29887.82051;2631;229;15;236540;162267;118059;122978;4919
2016;1;1;10;10733.33333;277;0;6;2277;9429;4259;6485;2226
2016;1;1;54;7688.271605;900;463;26;61515;32048;22578;23056;478
2016;1;1;2;12000;47;0;6;2109;1540;956;1010;54
2016;1;1;6;10902.77778;248;0;2;3710;6333;4480;6965;2485
2016;1;1;66;22661.61616;2912;1362.08;21;140637;70160;48362;46021;-2341
2016;1;1;18;11972.22222;428;0;7;29657;21748;12724;22748;10024
2016;1;1;36;11493.05556;731;177;14;20484;19526;12270;12814;544
2016;1;1;141;18057.91962;2262;1141;30;144531;130350;78403;85849;7446
2016;1;1;14;15380.95238;479;0;6;21645;9604;6980;7002;22
2016;1;1;245;25803.7415;3334;1908;35;240415;276283;171971;182849;10878
2016;1;1;194;19982.81787;2673;934;54;247600;205641;125344;200018;74674
2016;1;1;56;16375;4496;266;35;114529;63875;33492;36607;3115
2016;1;1;153;24282.67974;3648;1504;40;276274;279235;176960;162267;-14693
2016;1;1;129;22011.62791;5507;1959;40;844389;244183;145719;147032;1856
2016;1;1;106;35203.61635;3898;2040.08;31;508744;251966;169209;218786;49577
2016;1;1;84;25319.44444;0;1236;16;219196;117391;95744;109102;13358
2016;1;1;86;16065.89147;5155;1154;22;176110;99610;63033;75878;12845
2016;1;1;74;16998.87387;4667;1111;25;113643;81956;51823;57197;5374
2016;1;1;13;15326.92308;3336;557;15;51042;47802;31885;33780;1895
2016;1;1;8;14833.33333;1993;0;3;50822;29965;23326;42384;19058
2016;1;1;20;37245.83333;1200;0;7;172057;77824;51983;104813;52830
2016;1;1;1;11333.33333;2382;0;1;5904;23552;7502;7680;178
2016;1;1;4;8541.666667;1870;0;0;1074;8352;4468;5016;548
2016;1;1;1;10000;206;0;0;2830;898;588;597;9
2016;1;0;3;8027.777778;76;0;0;4757;691;641;766;125
2016;1;1;120;14074.30556;4407;891;41;126977;105505;82201;87394;5193
2016;1;1;2;11958.33333;103;0;0;8642;801;675;642;-33
2016;1;1;4;9625;0;267;4;6824;17325;16859;18306;1447
2016;1;1;21;11587.30159;2991;1110;9;60804;137653;82862;83106;244
2016;1;1;183;24964.48087;0;0;6;518255;747345;737965;800984;63019
2016;1;1;6;10888.88889;564;0;6;287422;7243;6823;6822;-1
2016;1;0;106;15383.33333;0;0;0;0;0;0;0;0
2016;1;1;92;19526.26812;4599;1272;33;100886;123986;66025;63800;-2225
2016;1;1;5;766.6666667;100;0;0;8695;898;1768;1896;128
2016;1;1;1;9083.333333;700;0;0;202;1240;925;1202;277
2016;1;1;81;11207.81893;9146;995;46;161641;104823;69494;92598;23104
2016;1;1;13;14711.53846;1320;197;3;8819;27175;16361;17885;1524
2016;1;1;5;1316.666667;100;0;0;3806;763;669;674;5
2016;1;1;77;18660.17316;2416;638;26;96601;90634;41984;43160;1176
2016;1;1;36;10363.42593;3684;581;18;69241;28729;12872;19285;6413
2016;1;1;25;22163.33333;6285;0;18;36251;37069;35504;39966;4462
2016;1;0;4;7729.166667;0;0;0;1031;635;15;51;36
2016;1;1;1;10166.66667;0;10;4;735;319;319;358;39
2016;1;1;80;14320.83333;3497;1435;32;140104;71353;40127;40232;105
2016;1;1;205;14641.46341;5222;2519;52;345602;277046;145221;144323;-898
2016;1;1;18;10837.96296;2891;358;19;31809;21952;12180;12943;763
2016;1;1;438;19308.21918;5873;4066.54;73;394059;448487;237807;272708;34901
2016;1;1;122;14571.72131;5007;1590;45;239050;158575;95445;101097;5652
2016;1;1;194;19568.29897;5423;1785;38;251306;186423;108165;110048;1883
2016;1;1;1;10250;2;0;0;0;205;205;350;145
2016;1;1;5;1666.666667;2367;0;12;8315;2418;524;600;76
2016;1;0;2;11291.66667;24;0;0;1093;928;608;608;0
2016;1;0;1;9000;1061;0;6;458;1842;1180;1597;417
2016;1;0;7;7523.809524;0;0;0;1169;1355;350;912;562
2016;1;1;5;8666.666667;757;188;4;4324;6703;4449;5106;657
2016;1;1;9;7444.444444;7317;0;4;149597;199074;154452;198996;44544
2016;1;1;8;3229.166667;2037;0;7;5028;7093;5800;5854;54
2016;1;1;3;9444.444444;420;0;0;355;2791;1902;2739;837
2016;1;1;3;4000;218;0;3;1074;549;415;425;10
2016;1;1;12;5444.444444;6800;0;5;8237;30288;15321;27000;11679
2016;1;1;1;2500;400;0;0;0;1057;1053;1058;5
2016;1;1;4;12770.83333;1700;570;0;35553;24231;9490;9535;45
2016;1;1;2;5958.333333;450;0;2;5577;1940;688;1008;320
2016;1;1;12;9666.666667;989;259;6;21416;11312;9626;11251;1625
2016;1;0;2;13750;1293;0;0;873;74732;39172;22562;-16610
2016;1;1;33;5595.959596;3093;1035;11;38772;44195;22408;37512;15104
2016;1;0;11;4666.666667;400;62;16;8323;4664;2771;2753;-18
2016;1;1;6;1597.222222;2779;0;27;12752;3852;2337;2016;-321
2016;1;1;5;366.6666667;60;0;0;2139;681;417;448;31
2016;1;1;5;350;154;0;0;90;153;153;167;14
2016;1;1;21;8511.904762;2332;129;15;19633;14714;10464;10646;182
2016;1;1;28;8410.714286;4584;220;33;66449;24722;16413;16033;-380
2016;1;1;16;8312.5;1675;418;10;16835;17226;8827;9314;487
2016;1;0;1;6500;100;0;3;3190;473;230;235;5
2016;1;1;50;12480;2167;600;19;79899;43261;29902;39211;9309
2016;1;1;42;6587.301587;3399;380;16;52374;24409;17975;18358;383
2016;1;1;65;10985.89744;2900;0;28;108188;43798;27798;15215;-12583
2016;1;1;3;16888.88889;3586;0;2;36821;47835;25349;32782;7433
2016;1;1;102;21080.88235;12247;1633;53;505705;170057;94964;108673;13709
2016;1;1;1;21666.66667;500;0;2;16457;9667;11718;11216;-502
2016;1;1;125;19842.66667;5512;1812;22;37627;137169;94557;96475;1918
2016;1;1;62;24428.76344;0;0;1;63134;47922;13582;28496;14914
2016;1;1;118;28995.0565;3185;3011;32;898099;360990;281524;318825;37301
2016;1;1;158;23640.82278;208;0;7;44252;132486;117573;168171;50598
2016;1;1;68;14455.88235;3625;380;29;165119;61288;68979;51465;-17514
2016;1;1;66;13905.30303;2837;203;17;99518;0;0;0;0
2016;1;1;10;13833.33333;320;112.72;5;8193;7189;5485;5488;3
2016;1;1;6;5402.777778;388;102;4;2096;2487;2177;2500;323
2016;1;0;5;8150;0;0;4;13428;3925;2414;2673;259
2016;1;1;4;15000;650;0;7;11252;6553;5442;5749;307
2016;1;1;12;16166.66667;2175;429;8;21882;30154;18523;20107;307
2016;1;1;2;17000;3886;0;12;58121;3407;3812;2615;-1197
2016;1;1;5;16100;1091;215.32;10;11179;9778;4451;4635;184
2016;1;1;2;15458.33333;307;0;7;517;2037;1824;2290;466
2016;1;1;51;15052.28758;1535;520;11;32670;48542;33809;35999;2190
2016;1;1;3;14388.88889;399;0;5;10202;1828;2568;2950;382
2016;1;1;18;10370.37037;1015;185;3;16077;9960;7883;9676;382
2016;1;1;60;27805.55556;5690;77.54;18;350052;72700;51715;57846;6131
2016;1;1;7;19726.19048;16014;0;2;111873;12497;13;18;5
2016;1;1;32;14177.08333;1603;636;0;7599;19373;11890;13911;2021
2016;1;1;29;10218.3908;0;231;3;9038;16662;12119;11888;-231
2016;1;1;6;14680.55556;2324;0;6;5491;2500;1526;1718;192
2016;1;1;4;11791.66667;101;0;2;3379;1785;1990;927;-1063
2016;1;1;288;20407.40741;9442;2500;62;494660;321881;210261;212043;1782
2016;1;1;240;15774.65278;9030;1147;39;324732;196171;128662;132738;4076
2016;1;1;238;20825.63025;7326;3200.72;41;407215;362451;193359;204799;11440
2016;1;1;77;14280.30303;3418;774;23;72187;60302;37646;34932;-2714
2016;1;1;11;14393.93939;327.4;0;3;12740;12417;11211;12129;918
2016;1;1;68;15436.27451;4219;314;18;135508;68676;35829;41701;5872
2016;1;0;5;8200;150;0;0;5012;720;720;720;0
2016;1;1;96;17167.53472;7759;2660;37;912017;218227;63607;61478;-2129
2016;1;1;3;4150;170;0;1;306;332;349;1294;1002
2016;1;1;3;6638.888889;0;25;0;5710;687;746;306;0
2016;1;1;25;9093.333333;2161;560;17;7272;20881;13857;12925;-932
2016;1;1;109;18510.70336;4410;1244;24;228532;132670;98102;103718;5616
2016;1;1;6;10125;1025;0;8;12795;4037;2714;4155;1441
2016;1;1;97;17201.03093;2576;1814;20;358035;177478;114854;103255;-11599
2016;1;1;206;18849.11003;3749;1867;41;212677;226946;133649;148018;14369
2016;1;1;60;17098.61111;3515;825;38;233160;105488;76880;78458;1578
2016;1;1;1276;22488.50575;0;0;35;2575999;3236928;2640296;2975318;335022
2016;1;1;22;20700.75758;3325;0;12;71710;30876;23844;30377;6533
2016;1;1;365;15746.57534;6111;0;58;260112;654906;557445;571188;13743
2016;1;1;4;26750;4254;0;0;10135;41501;46789;55137;8348
2016;1;1;1;23416.66667;1883;4;6;20991;1203;993;769;-224
2016;1;1;130;14419.23077;3983;1037;35;171521;117905;77251;61272;-15979
2016;1;1;67;16330.84577;4704;727;18;328837;94465;48885;49170;285
2016;1;0;0.125;11333.33333;145;0;0;0;248;12;14;2
2016;1;0;20;16850;2200;0;8;30876;14729;1167;770;-397
2016;1;1;102;19505.71895;3798;1986;34;150342;95145;61207;62897;1690
2016;1;1;10;14566.66667;1216;0;6;35848;22147;16783;16232;-551
2016;1;1;5;19266.66667;12178;0;0;32164;60074;23946;58419;34473
2016;1;1;15;15138.88889;2230;0;12;13645;27687;21580;26549;4969
2016;1;1;16;9057.291667;340;699;5;17257;20355;19720;20486;766
2016;1;1;55;14539.39394;5718;1485;21;109803;99328;67728;75802;8074
2016;1;1;55;14404.54545;3991;858;26;86989;57547;44005;46705;2700
2016;1;1;56;14306.54762;3576;879;31;69447;63188;36853;38837;1984
2016;1;1;80;16120.83333;5986;1307;26;155338;89424;61194;64201;3007
2016;1;1;43;15046.51163;2862;565;7;51416;35958;31426;32154;728
2016;1;1;146;17028.53881;3811;2708;45;300732;170607;151683;161734;10051
2016;1;1;14;14702.38095;3442;0;16;40416;4191;4779;4413;-366
2016;1;1;46;23394.92754;2885;619;26;55694;50939;40155;39629;-526
2016;1;0;13;15064.10256;1598;0;1;5985;3333;3998;3633;-365
2016;1;1;71;12757.04225;3438;739;22;87234;49574;38155;39401;1246
2016;1;1;74;16092.34234;3282;877;22;89577.7;58781;38669;45391;6722
2016;1;1;122;15448.77049;5494;1441;21;111432;90648;60175;64045;3870
2016;1;1;92;18844.2029;4280;1495;29;124524;106969;64439;71149;6710
2016;1;1;87;16477.01149;3771;1232;25;116302;78136;55277;54671;-606
2016;1;1;188;17410.46099;7940;2098;44;257558;167939;118897;139850;20953
2016;1;1;99;19819.02357;4674;1531;35;157949;99200;72853;78617;5764
2016;1;1;40;14839.58333;2157;722;14;74422;39356;24761;28478;3717
2016;1;1;60;15009.72222;4520;635;21;85459;55959;47982;52696;4714
2016;1;1;92;15203.80435;4225;750;19;97923;52862;41724;47831;6107
2016;1;1;10;12800;2793;82;7;24937;12880;10443;9944;-499
2016;1;1;115;18820.28986;6405;1813;24;190344;110961;73345;82649;9304
2016;1;1;110;16558.33333;11608;1202;31;90575;84831;40434;50195;9761
2016;1;1;57;13972.22222;3611;815;21;42549;40114;22144;22529;385
2016;1;1;2;10583.33333;24000;0;39;251947;181121;88208;127950;39742
2016;1;1;133;18104.63659;4953;1549;31;121296;113035;70668;76787;6119
2016;1;1;80;17994.79167;2947;1007;20;86124;59436;36005;50104;14099
2016;1;1;133;18578.3208;2817;1633;35;193550;118782;86674;90962;4288
2016;1;1;98;17860.54422;3495;1274;20;120782;87565;57585;65758;8173
2016;1;1;55;8742.424242;2976;588;12;42430;28420;16319;15065;-1254
2016;1;1;10;13641.66667;1307;175;4;11076;6180;3186;4059;873
2016;1;1;87;12267.24138;4927;906;20;119143;67335;42699;42320;-379
2016;1;1;43;13393.41085;2957;385;12;40462;31530;21726;17809;-3917
2016;1;1;106;18074.68553;1553;986;38;161200;106510;62082;88459;26377
2016;1;1;20;14525;564;303;14;21017;20913;10181;10421;240
2016;1;1;20;14016.66667;891;242;16;12150;17783;11418;11070;-348
2016;1;1;50;17576.66667;3441;768;30;60154;65909;40146;46287;6141
2016;1;1;7;14642.85714;662;40;10;7705;8738;5827;7958;2131
2016;1;1;5;15233.33333;616;205;2;21155;8376;2768;2850;82
2016;1;1;4;7979.166667;150;0;5;4663;1154;1132;2002;870
2016;1;1;14;15005.95238;430;211;7;4225;9570;5775;5810;35
2016;1;1;13;15583.33333;575;210;10;24044;13485;7902;6550;-1352
2016;1;1;80;20001.04167;14890;0;41;220104;156019;180063;218633;39573
2016;1;1;8;15645.83333;3318;518.21;14;66110;25088;15725;15183;-498
2016;1;1;25;14646.66667;2870;660;11;20136;38707;23568;27980;4412
2016;1;1;7;15154.7619;2148;0;8;35510;25443;-24423;25859;5430
2016;1;1;6;14097.22222;461;0;7;5521;8690;8025;11301;3276
2016;1;1;1;25333.33333;1720;0;0;0;1152;6448;4996;-1452
2016;1;1;107;19294.39252;17620;0;14;14905;279368;212635;264553;52012
2016;1;1;10;15433.33333;1997;185;5;24466;15069;10226;9496;-539
2016;1;1;1;14250;1114;0;1;2810;3570;1428;1860;432
2016;1;1;3;15000;2166;98;5;11234;15089;8793;10723;1930
2016;1;1;5;16916.66667;4536;0;12;25288;27747;20492;17853;-2639
2016;1;1;21;15936.50794;5495;824;13;106288;139091;68496;80049;12151
2016;1;1;48;16656.25;2215;0;11;83254;55989;42916;43580;664
2016;1;1;24;15038.19444;1726;0;9;20556;27192;28341;27183;-1158
2016;1;1;2;11750;183;0;3;185;733;764;830;66
2016;1;1;14;14202.38095;1106;0;13;21002;12209;10921;14605;3684
2016;1;1;14;9761.904762;2285;0;8;23464;11948;4581;5479;898
2016;1;1;48;16656.25;2215;0;11;83254;55989;42916;43580;664
2016;1;1;3;15000;1998;0;13;19767;8970;7310;7708;398
2016;1;1;10;15125;2392;0;9;37117;17856;4525;5600;1075
2016;1;1;17;9656.862745;3723;86;8;26119;22266;16884;19027;2143
2016;1;0;14;9892.857143;1926;152;7;14950;19403;15885;16803;918
2016;1;1;1;13166.66667;825;0;5;6067;953;677;723;46
2016;1;1;7;10357.14286;700;71;10;4947;4463;3241;3524;283
2016;1;1;3;10527.77778;0;79;0;0;1805;1917;2128;211
2016;1;1;8;15572.91667;575;0;6;1786;5032;5041;6472;1431
2016;1;1;7;9464.285714;864;66;6;792;4187;3100;2748;-352
2016;1;1;139;23540.16787;3350;1399;47;224462;160566;108432;119792;11360
2016;1;1;37;9506.756757;2403;729;20;33240;37936;25319;27331;2012
2016;1;1;26;12862.17949;600;375;0;7397;18269;16562;15027;-1535
2016;1;1;31;13583.33333;2350;0;5;6536;25560;27894;21819;-6075
2016;1;1;4;59625;2500;0;2;51192;18027;15396;15440;44
2016;1;1;7;11250;1270;0;13;31647;9133;7426;6151;-1275
2016;1;1;12;8763.888889;1456;0;10;22316;10293;7577;10130;2553
2016;1;1;53;13485.84906;5666;0;32;95507;58847;39477;54504;15027
2016;1;1;51;12720.58824;3632;440;22;50607;41220;25556;26788;1232
2016;1;1;160;15088.02083;7008;1317;48;181918;118260;82305;86693;4388
2016;1;1;104;14346.95513;6930;659;38;73152;82917;50801;65170;14369
2016;1;1;1;2333.333333;89;0;2;639;100;-100;93;0
2016;1;1;16;14973.95833;2062;554.16;10;79889;49749;-26017;30332;0
2016;1;1;42;14482.14286;3760;663;30;51656;41027;-22338;17968;0
2016;1;1;4;8145.833333;1772;0;13;8436;1308;-555;450;0
2016;1;1;2;9625;1690;0;8;9114;886;-886;541;0
2016;1;1;1;12000;800;0;3;13631;303;-156;200;0
2016;1;1;2;16333.33333;1005;0;4;5938;2154;-2025;1345;0
2016;1;1;10;15075;3344;93;13;25706;7169;-2865;2588;0
2016;1;1;4;17083.33333;2336;312;21;30936;12098;-10281;7373;0
2016;1;1;4;14395.83333;1831;301;3;27597;15602;-10047;7588;0
2016;1;1;23;7717.391304;2432;291;21;27644;16180;7103;6494;-609
2016;1;1;10;9300;1147;135;15;12793;6494;3774;3891;117
2016;1;1;5;8683.333333;1617;0;2;4334;5558;4408;2068;-2340
2016;1;1;4;9937.5;351;50;5;7685;2310;1474;1080;-394
2016;1;1;1;4583.333333;365;0;0;1341;600;185;166;-19
2016;1;1;7;9107.142857;310;0;4;2044;1228;774;900;126
2016;1;1;7;14976.19048;1885;255;2;11417;6875;2485;5185;2700
2016;1;1;64;15126.30208;2697;970;28;120050;65331;39895;43352;3457
2016;1;1;86;13142.44186;2598;903;33;70308;62940;41944;40105;-1839
2016;1;1;20;7445.833333;2896;226;15;19944;15245;7333;6890;-443
2016;1;1;165;22376.26263;4087;1957;43;334675;182683;111558;154240;42682
2016;1;1;55;15177.27273;2590;706;5;22565;34770;25826;26978;1152
2016;1;1;76;16821.27193;2505;761;41;65971;54353;32324;40134;7810
2016;1;1;47;15592.19858;2608;581;27;47331;39095;22160;22043;-117
2016;1;1;2;15541.66667;638;57;9;5102;2689;2056;1447;-609
2016;1;1;9;11518.51852;367;138;12;10555;7648;5635;5171;-464
2016;1;1;21;14626.98413;2390;433;18;22284;22249;14126;12312;-1814
2016;1;1;64;14317.70833;1517;666;19;65105;50562;31705;33593;1888
2016;1;1;5;11483.33333;870;116;9;24689;7212;5511;5057;-454
2016;1;1;40;18645.83333;710;391;11;41568;24286;17110;18863;1753
2016;1;1;72;15209.49074;2392;882;27;68024;70554;39119;44987;5868
2016;1;1;36;15032.40741;1410;228;21;60580;27910;23127;26903;3776
2016;1;1;3;9138.888889;926;0;3;10772;7071;6096;5864;-232
2016;1;1;20;15066.66667;685;197;16;19096;14335;8056;10304;2248
2016;1;1;3;8888.888889;164;0;3;862;780;1045;1126;81
2016;1;1;4;10104.16667;1102;0;7;22792;6645;7938;7522;-416
2016;1;1;45;15025.92593;4751;810;31;96671;51506;30437;34588;4151
2016;1;1;21;15531.74603;1910;302;16;38453;17878;12572;9613;-2959
2016;1;1;15;14877.77778;1760;631;13;74317;29694;22803;27069;4266
2016;1;1;31;15284.94624;1550;536;18;37977;30786;23004;23934;930
2016;1;1;4;16166.66667;1116;98;3;21228;4671;2488;3107;619
2016;1;1;8;15291.66667;2103;12;0;0;3866;2839;2556;-283
2016;1;1;1;25750;1100;114;9;5277;6311;5309;5678;369
2016;1;1;4;12166.66667;2240;65;0;1570;4040;2214;1543;-671
2016;1;0;4;9083.333333;1088;0;6;152;2186;1608;1928;320
2016;1;1;1;12000;64;0;0;200;517;262;409;147
2016;1;1;12;9631.944444;3811;0;9;21185;10648;8998;9452;454
2016;1;1;110;11345.45455;4291;589;24;109971;67128;46016;43071;-2945
2016;1;1;58;9579.022989;8202;700;33;136003;94659;50433;57038;6605
2016;1;1;2;875;1808;247;0;1913;15974;8894;8998;104
2016;1;1;85;19131.37255;2190;647;42;83495;61786;40727;49217;8490
2016;1;1;11;10530.30303;2522;0;13;8133;5970;5729;5134;-595
2016;1;1;23;9583.333333;3745;0;18;42940;12518;2392;3366;974
2016;1;1;8;15104.16667;1421;0;8;34939;18905;12668;22707;10039
2016;1;1;13;38961.53846;2615;0;5;284477;58691;20413;49943;29350
2016;1;1;1;9500;1271;0;0;4885;995;995;855;-140
2016;1;1;215;12985.65891;23526;1540.34;18;55086;235994;129895;155596;25701
2016;1;1;17;11058.82353;1635;210;10;9173;7653;4343;3878;-465
2016;1;1;69;15067.63285;2866;1035;19;114621;55761;36211;37416;1205
2016;1;1;100;15219.16667;3360;1123;35;158042;99731;52043;52786;743
2016;1;1;4;10208.33333;450;0;8;10973;3920;1087;1087;0
2016;1;1;67;11970.14925;2490;1088;27;52839;36423;24443;23428;-1015
2016;1;1;4;8937.5;1101;0;5;97081;1866;815;1113;298
2016;1;1;13;11089.74359;0;0;0;7015;4127;6288;4181;-2107
2015;1;1;104;8648.237179;1151;1274;21;70202;69161;42065;45340;3275
2015;1;1;20;13020.83333;4981;491;18;44358;28181;19911;17832;-2079
2015;1;1;7;9654.761905;752;0;6;1720;3821;3437;3383;-54
2015;1;1;20;11016.66667;1137;264;8;21617;15113;12157;11601;-556
2015;1;1;32;16343.75;3148;0;22;85251;55071;29283;31450;2167
2015;1;0;1;7500;1863;0;12;58774;652;652;800;148
2015;1;1;80;10376.04167;5097;896;23;150594;121342;59089;63521;4432
2015;0;0;23;7373.188406;1311;222;27;94874;17595;18350;4684;-13666
2015;1;1;41;15526.42276;3812;901;25;104177;83720;49800;53419;3619
2015;1;1;48;10951.38889;1539;299;22;33783;26294;13977;13650;-327
2015;1;1;57;14122.80702;3400;0;0;2024;35092;32827;31676;-1151
2015;1;1;10;8616.666667;1067;406.6;6;15652;11873;11407;13267;1860
2015;1;1;13;11628.20513;700;22.44;4;31869;11470;6188;5832;-356
2015;1;1;5;8750;1346;0;0;2678;5017;4456;5256;800
2015;1;1;4;13937.5;3500;0;4;41081;16696;13280;14050;770
2015;1;1;114;18911.54971;3335;1065;16;78998;106361;72061;75095;3034
2015;1;1;163;17128.32311;5384;2036;30;519235;197634;133279;157133;23854
2015;1;1;50;15633.33333;1300;831;7;96273;72311;51140;46154;-4986
2015;1;1;79;34372.36287;7079;0;32;609638;216068;221730;335068;113338
2015;1;1;40;17458.33333;1369;0;7;146424;54976;22009;45017;23008
2015;1;1;9;12759.25926;1954;0;0;17560;19134;15872;17346;1474
2015;1;1;16;8364.583333;1095;0;9;132360;51785;44221;61256;17035
2015;1;1;5;9433.333333;446;0;13;103643;25977;22714;62051;39337
2015;1;1;20;7912.5;685;434;0;8295;23880;18904;18003;-901
2015;1;1;3;9611.111111;263;0;9;14301;3313;4740;7366;2626
2015;1;1;14;10994.04762;646;0;11;22771;8413;7779;5055;-2724
2015;1;0;17;9382.352941;344;0;9;10519;7875;6749;7830;1081
2015;1;1;4;8833.333333;123;0;2;2994;2761;1419;1568;149
2015;1;1;2;10333.33333;135;0;3;4056;2841;2049;2770;721
2015;1;1;2;9000;148;0;2;5539;2501;1824;2106;282
2015;1;1;7;9380.952381;308;0;6;20291;6902;5963;12623;6660
2015;1;1;2;10166.66667;104;0;2;1645;1003;472;652;180
2015;1;1;7;8071.428571;305;0;11;3802;3372;3970;6797;2827
2015;1;1;3;6166.666667;257;0;8;8174;2533;1355;1963;608
2015;1;1;55;16407.57576;2212;944;21;208628;113549;70164;68348;-1816
2015;1;1;28;14038.69048;490;270;13;50106;30246;18727;18906;179
2015;1;1;14;10398.80952;3965;0;27;238134;45827;42943;37416;-5527
2015;1;1;94;19772.16312;4919;1084;25;214282;121794;83846;90518;6672
2015;1;1;99;13244.94949;4491;594;32;255834;103154;71378;88209;16831
2015;1;1;143;19044.28904;1139;0;16;244435;295383;287336;304453;17117
2015;1;1;91;16608.05861;3570;1897;31;594598;286223;207613;173501;-34112
2015;1;0;20;16458.33333;580;0;24;96696;17732;14295;29488;15193
2015;1;1;99;18059.76431;3120;1058;23;186437;127411;93358;107026;13668
2015;1;1;102;9575.980392;3791;2304;11;483362;192159;171155;183783;12628
2015;1;1;46;8237.318841;2567;702;4;47750;33845;24936;24030;-906
2015;1;1;4;8166.666667;437;0;6;3280;4424;4330;4297;-33
2015;1;1;30;11075;3883;0;17;61023;55892;39607;48693;9086
2015;1;1;4;8458.333333;666;0;3;19731;4015;4370;5274;904
2015;1;1;4;8562.5;70;0;2;4733;5833;5109;6250;1141
2015;1;1;130;14653.20513;3714;1267;22;294212;272029;146451;227478;81027
2015;1;1;50;14136.66667;4240;0;15;628535;73113;76435;130938;54503
2015;1;1;22;9810.606061;0;588;6;32053;43920;44391;41088;-3303
2015;1;1;92;15154.8913;4854;553;21;53595;80693;47243;46669;-574
2015;1;1;118;14883.47458;7680;1050;51;324517;127495;87971;82224;-5747
2015;1;1;106;14538.52201;6352;813;18;67313;89677;60390;69830;9440
2015;1;1;125;10185.33333;6776;984;33;295712;88748;74920;59608;-15312
2015;1;1;97;11146.04811;3574;636;25;113186;92073;45378;46381;1003
2015;1;1;10;12308.33333;1357;236;5;35510;7691;9119;11603;2484
2015;1;1;4;8083.333333;974;0;4;10274;3409;6047;1910;-4137
2015;1;1;70;11225;2285;681;26;21612;44976;28646;33165;4519
2015;1;1;473;17133.01621;12988;3282.08;94;391471;489761;258658;314948;56290
2015;1;1;5;5083.333333;1530;0;0;3217;1463;999;395;-604
2015;1;1;3;3166.666667;70;11;0;2646;396;133;704;571
2015;1;1;36;8634.259259;3318;413;10;49771;21341;19276;17989;-1287
2015;1;1;2;208.3333333;0;10;0;6060;289;182;161;-21
2015;1;1;43;16540.69767;1800;0;6;103156;47396;71349;47576;-23773
2015;1;1;78;20861.11111;11387;859;46;205094;159564;69050;70983;1933
2015;1;1;41;15676.82927;1370;343;15;57232;35191;23533;21747;-1786
2015;1;0;17;9352.941176;418;0;5;29899;14659;12986;17375;4389
2015;1;1;1040;18228.28526;0;0;51;752312;1938965;964569;1275652;311083
2015;1;1;53;11001.57233;3836;452;11;33593;39689;25535;33156;7621
2015;1;1;4;21500;50;0;3;7097;3336;1850;5187;3337
2015;1;1;159;22817.08595;3905;9870.3;18;618714;292969;250796;251377;581
2015;1;1;1.5;12555.55556;380;0;0;0;10204;16856;17775;919
2015;1;1;80;14464.58333;3017;583;12;336810;78264;52583;71085;18502
2015;1;1;2;13666.66667;2264;0;0;550;2183;1812;1862;50
2015;1;1;4;7916.666667;255;0;4;14333;3261;3204;3139;-65
2015;1;1;26;15173.07692;1250;0;5;80555;23822;22123;14918;-7205
2015;1;1;17;9563.72549;1382;0;5;17615;7687;7524;7870;346
2015;1;1;121;17731.40496;2818;972;6;101679;130319;93794;95121;1327
2015;1;1;37;9259.009009;4357;506;12;26853;16707;13182;11421;-1761
2015;1;1;15;11594.44444;2704;297;12;18373;16704;13088;15030;1942
2015;1;1;75;18512.22222;4487;1058;28;152435;91592;63612;70458;6846
2015;1;1;5;6883.333333;75;15;0;0;1111;1002;729;-273
2015;1;1;63;14781.74603;3782;1125;24;100418;69326;44473;44473;0
2015;1;1;5;7800;70;15;0;21741;1249;1249;443;-806
2015;1;1;102;12585.78431;7273;0;50;140677;88893;79745;113253;33508
2015;1;1;86;13035.85271;4405;1794;24;197898;113443;69923;72803;2880
2015;1;1;6;8500;619;269;13;29601;11798;7983;10041;2058
2015;1;1;18;11259.25926;1341;60;14;54148;17767;7319;9184;1865
2015;1;1;74;13903.15315;3592;1063;21;43740;51077;33504;32230;-1274
2015;1;1;202;12502.06271;5514;1684;25;215635;243734;196974;219194;22220
2015;1;1;54;13655.8642;3509;847;21;34111;45731;24709;27024;2315
2015;1;1;44;13621.21212;4444;890;14;111777;94548;63868;65280;1412
2015;1;1;114;12252.92398;8332;1027;37;253646;120666;98638;86132;-12506
2015;1;1;76;10976.97368;0;3428.04;2;79999;120085;102496;86535;-15961
2015;1;1;5;7383.333333;0;15;0;1881;1243;1243;335;-908
2015;1;1;62;17818.54839;67;0;3;120700;141230;132400;143694;11294
2015;1;0;4;7666.666667;4770;8.16;0;30;1431;553;695;142
2015;1;1;41;9794.715447;5312;0;11;21296;45237;7835;10238;2403
2015;1;1;236;17159.25141;11890;3809;74;630823;506655;357218;379563;22345
2015;1;1;71;16208.92019;8778;27;23;87724;67267;48537;53361;4824
2015;1;1;44;8613.636364;3111;795;30;40590;43507;32773;38426;5653
2015;1;1;3;11916.66667;1319;0;9;470;2407;3067;2759;-308
2015;1;1;6;72777.77778;3370;0;3;28648;14907;0;0;0
2015;1;1;4;5104.166667;1504;0;11;2638;1033;466;480;14
2015;1;1;4;3854.166667;436;11;2;1181;483;328;199;129
2015;1;1;61;15148.9071;2833;1092;31;168937;102957;80753;82829;2076
2015;1;1;68;11607.84314;2279;585;14;50855;59810;29537;23067;-6470
2015;1;1;98;13416.66667;2776;813;18;92030;64094;39429;29890;-9539
2015;1;1;93;11431.89964;7630;588;11;91115;66089;54975;30486;-24489
2015;1;1;6;8250;1210;0;2;1762;2495;2045;2101;56
2015;1;1;2;8250;304;0;0;355;867;271;250;-21
2015;1;1;19;7929.824561;2654;223.1;11;19783;11701;5709;6506;797
2015;1;0;9;7564.814815;1200;118.02;4;359;4350;3868;3160;-708
2015;1;1;17;8294.117647;1012;155;6;8758;5294;4387;3840;-547
2015;1;1;10;8700;416;80;4;11525;2998;1897;1702;-195
2015;1;1;37;14740.99099;3592;778;11;52880;24260;18622;13184;-5438
2015;1;1;29;11215.51724;3060;357;9;20142;9427;6578;5174;-1404
2015;1;0;3;7500;0;0;0;8664;552;552;556;4
2015;1;1;1412;23329.73324;2125;669;135;1926466;2781256;1617852;2152940;535088
2015;1;1;163;16917.68916;363;0;12;145843;145011;121958;116453;-5505
2015;1;1;299;23559.64326;0;35464.44;20;310058;751785;626821;683185;56364
2015;1;1;37;21463.96396;1701;420;1;19359;39485;23050;26381;3331
2015;1;0;7;11690.47619;0;0;0;31954;28411;18530;21701;3171
2015;1;1;22;11367.42424;2260;175;7;17014;14485;13570;10401;-3169
2015;1;0;6;11458.33333;913;0;2;12535;6551;7180;2088;-5092
2015;1;1;44;11570.07576;2070;429;13;53974;24143;14203;12463;-1740
2015;1;1;5;8016.666667;525;85;0;2261;4988;2846;2906;60
2015;1;1;152;17157.34649;6585;1152;26;209300;189753;111594;117461;5867
2015;1;1;17;9392.156863;1570;151;12;19513;8050;6037;4272;-1765
2015;1;1;2;8125;1243;51;9;2005;2458;1208;935;-273
2015;1;1;1;8000;2226;0;0;0;328;185;149;-36
2015;1;1;4;7958.333333;1546;226;9;10871;6977;4308;3711;-597
2015;1;0;1;7833.333333;2229;0;8;12872;983;983;838;-145
2015;1;1;7;9857.142857;1432;62;5;8758;4039;5606;2630;-2976
2015;1;1;73;13101.59817;2667;989;22;52196;46058;30654;31691;1037
2015;1;1;9;8416.666667;1511;224;9;10211;5373;4377;2204;-2173
2015;1;1;8;9020.833333;2259;58;6;3937;2683;2013;1127;-886
2015;1;1;4;3937.5;3710;0;1;1402;670;757;520;-237
2015;1;1;20;8066.666667;1002;222;8;5152;8635;4481;3645;-836
2015;1;1;4;7062.5;2205;0;2;5678;883;560;457;-103
2015;1;1;2;9000;1611;0;1;2623;794;422;333;-89
2015;1;1;6;11430.55556;1259;0;13;12105;2025;1064;545;-519
2015;1;1;1;3416.666667;2005;0;10;2534;288;193;122;-71
2015;1;0;7;8738.095238;500;0;2;237;1711;441;463;22
2015;1;1;706;18475.21246;16378;15623.82;156;1143467;765150;449562;411009;-38553
2015;1;1;8;16864.58333;2387;302;0;11674;10954;7975;8802;827
2015;1;0;9;13787.03704;0;0;4;12199;5740;4127;4283;156
2015;1;1;12;10180.55556;695;110;0;4407;4450;3673;3040;-633
2015;1;1;38;12857.45614;1310;255;12;42225;18722;19039;13169;-5870
2015;1;1;3;7722.222222;2847;31;0;3445;1504;1669;357;-1312
2015;1;1;5;8166.666667;37;111;2;42492;5340;5099;5272;173
2015;1;1;1;6666.666667;432;75;1;5773;1284;221;135;-86
2015;1;0;11;21560.60606;0;0;6;18482;8004;7649;2366;-5283
2015;1;1;148;15520.83333;5956;2730;37;207556;136009;80474;100852;20378
2015;1;1;274;14159.97567;7586;3091;67;330149;240999;168052;153314;-14738
2015;1;1;143;17919.58042;4644;1733;34;175223;123178;67175;74998;7823
2015;1;1;5;5466.666667;1840;0;2;5892;1101;609;380;-229
2015;1;1;4;7000;811;0;8;564;918;872;775;-97
2015;1;1;77;11648.2684;3074;737;19;64209;49573;30140;30136;-4
2015;1;1;47;10156.02837;3386;356;4;23246;24260;18032;15907;-2125
2015;1;1;5;4816.666667;816;20;1;4001;4104;1904;2165;261
2015;1;1;83;16965.86345;1575;545;29;108770;90598;54384;71490;17106
2015;1;1;5;10950;88;0;0;2200;1762;1678;1712;34
2015;1;1;213;21791.47105;3169;1684;36;179565;197189;123942;124624;682
2015;1;1;54;28654.32099;2261;0;4;140934;114556;105545;108469;2924
2015;1;1;6;10236.11111;277;0;6;2270;6780;4420;7037;2617
2015;1;1;55;10675.75758;1150;514;26;61165;32405;24866;28899;4033
2015;1;1;3;9111.111111;47;0;6;2109;1476;854;906;52
2015;1;1;3;10166.66667;248;0;1;2135;4174;3303;4589;1286
2015;1;1;82;16242.88618;2912;1499.52;21;173157;70427;51865;37622;-14243
2015;1;1;16;11234.375;379;0;8;26324;14533;10118;16760;6642
2015;1;1;39;10228.63248;930;206;14;20545;16422;12910;12383;-527
2015;1;1;133;16564.53634;2200;1120;30;134234;113625;71480;79672;8192
2015;1;1;14;17827.38095;479;0;7;21692;9245;5355;5436;81
2015;1;1;240;22893.05556;3334;1908;39;230515;227690;153542;171392;17850
2015;1;1;195;19935.47009;2673;888;52;212547;175270;125258;185926;60668
2015;1;1;50;16185;4496;322;35;114030;47986;30689;30443;-246
2015;1;1;166;22665.66265;3648;1591;41;268183;222386;144508;152776;8268
2015;1;1;138;21736.71498;5834;1872;40;787629;207438;137511;137009;-502
2015;1;1;102;30777.77778;3898;1871.94;32;361338;195564;131120;176048;44928
2015;1;1;101;12406.76568;4943;1124;39;169261;91614;55839;64069;8230
2015;1;1;84;22558.53175;2382;1217;20;216354;119854;81728;93483;11755
2015;1;1;18;8259.259259;3362;564;22;27881;53332;32371;34404;2033
2015;1;1;10;13616.66667;1993;0;3;41126;23083;17659;26333;8674
2015;1;1;20;19029.16667;1200;0;7;170199;63927;21699;41750;20051
2015;1;1;4;9479.166667;1870;0;0;807;8153;4731;5284;553
2015;1;1;1;11500;206;0;0;2430;1158;1300;1300;0
2015;1;0;2;10750;76;0;0;4757;528;488;664;176
2015;1;0;8;8750;38;0;0;3997;1303;1614;1930;316
2015;1;1;135;11740.12346;3568;1066;41;128356;101456;82954;83979;1025
2015;1;1;7;9107.142857;1600;30;15;516652;15933;12502;18134;5632
2015;1;1;6;5680.555556;0;439;4;8672;7711;18488;12331;-6157
2015;1;1;26;7897.435897;6294;1150;8;63389;102394;67230;96271;29041
2015;1;1;181;23332.87293;79;0;6;513121;667865;505446;678231;172785
2015;1;1;7;9761.904762;3050;0;6;291131;22012;20812;16332;-4480
2015;1;0;77;14903.67965;0;0;0;7407;155795;0;0;0
2015;1;1;102;16138.88889;4599;1316;32;81848;111250;67202;60258;-6944
2015;1;1;7;714.2857143;100;0;0;11719;871;817;824;7
2015;1;1;86;10259.68992;9146;1056;45;150583;105033;57343;69105;11762
2015;1;1;17;11774.5098;1320;227;3;9906;22874;13968;14894;926
2015;1;1;5;933.3333333;100;0;0;3806;872;711;714;3
2015;1;1;78;18987.17949;2411;608;26;94861;68294;46276;42473;-3803
2015;1;1;38;8717.105263;3684;458;18;67111;19700;11242;19630;8388
2015;1;1;25;22360;6285;0;20;33872;32450;32110;36599;4489
2015;1;0;3;8972.222222;0;0;0;1031;787;281;320;39
2015;1;1;122;8872.95082;3537;1592;33;131234;83133;38806;39177;371
2015;1;1;223;12877.80269;5414;2501;55;343431;284311;162236;163593;1357
2015;1;1;27;9586.419753;2891;372;19;32616;21635;12249;13576;1327
2015;1;1;128;14059.89583;4971;1593;53;139888;124876;60369;64503;4134
2015;1;1;414;18794.68599;5551;4282.3;74;375589;396034;187139;212377;25238
2015;1;1;136;15289.82843;4485;1644;45;224168;141492;83142;84760;1618
2015;1;1;198;17932.65993;5423;1847;38;254161;185308;108819;111714;2895
2015;1;1;1;9416.666667;2;0;0;0;198;154;250;96
2015;1;1;5;1650;1780;0;12;8315;2557;813;920;107
2015;1;0;3;6500;118;0;0;1010;1234;2100;2100;0
2015;1;1;1;10000;400;0;4;1299;2452;777;890;113
2015;1;1;1;7250;1061;34;6;458;2055;1441;1634;193
2015;1;0;7;7500;0;0;0;1169;1942;1061;1707;646
2015;1;1;5;8733.333333;780;183;3;3929;7549;4155;4467;312
2015;1;1;3;9305.555556;1714;0;10;3885;18406;14744;14996;252
2015;1;1;8;2354.166667;2037;0;7;5028;4839;2184;4272;2088
2015;1;1;2;13375;601;0;0;355;1875;1656;1745;89
2015;1;1;1;8000;1225;0;4;14334;4387;701;525;-176
2015;1;1;3;3555.555556;210;0;3;860;998;665;700;35
2015;1;1;6;4833.333333;2020;0;5;8237;17138;14436;26733;12297
2015;1;1;1;4583.333333;400;0;0;0;1353;931;990;59
2015;1;1;4;8416.666667;1700;560;0;35553;22357;16046;19435;3389
2015;1;1;2;6583.333333;450;0;2;5577;2070;276;460;184
2015;1;1;14;7934.52381;989;298;7;23959;12811;8768;9998;1230
2015;1;1;21;8111.111111;3093;991;11;35671;36542;16493;29715;13222
2015;1;1;6;6958.333333;730;100;16;8869;2904;1523;1710;187
2015;1;1;9;1185.185185;2779;60;27;12752;2638;2754;2540;-214
2015;1;1;5;316.6666667;60;0;0;2139;236;141;153;12
2015;1;1;5;383.3333333;154;0;0;108;133;133;209;76
2015;1;1;22;9454.545455;2724;183;15;21911;13305;9693;9714;21
2015;1;1;33;7351.010101;4741;310;35;66841;24289;15690;14092;-1598
2015;1;1;17;7955.882353;2057;402;10;16169;15660;8847;9429;582
2015;1;1;1;6250;100;0;3;3190;302;98;158;60
2015;1;1;53;9290.880503;2263;592;19;54451;38073;25081;30989;5908
2015;1;1;47;7003.546099;3501;442;19;53177;27504;17169;17238;69
2015;1;1;77;11483.76623;2900;0;27;102189;34055;27686;21507;-6179
2015;1;1;1;12416.66667;1384;0;0;16359;8073;4358;7090;2732
2015;1;1;57;18959.06433;2520;758;34;473521;113128;81142;83460;2318
2015;1;1;1;18833.33333;500;0;0;16457;16051;7539;4671;-2868
2015;1;1;141;17863.47518;5512;1260;0;2394;153549;71385;86911;15526
2015;1;1;127;28610.23622;3185;2923;40;826245;352722;250448;265986;15538
2015;1;1;154;21432.90043;159;0;6;29070;115496;108422;145792;37370
2015;1;1;85;13916.66667;3975;885;29;166132;81780;94100;72374;-21726
2015;1;1;68;12621.32353;2837;215;19;110910;39353;27734;20046;-7688
2015;1;1;11;10219.69697;320;114.57;5;7421;5506;3987;4085;98
2015;1;1;3;6111.111111;388;123;4;2447;1989;1044;967;-77
2015;1;0;6;10125;0;22.44;3;13428;4050;2942;3100;158
2015;1;1;4;10958.33333;620;0;8;11738;5389;5601;5525;-76
2015;1;1;16;9604.166667;2130;408;8;26182;24246;10095;11698;1603
2015;1;1;8;12750;3886;49;12;59476;6612;12814;9373;-3441
2015;1;1;19;10035.08772;809;38;6;35719;11080;8586;3229;-5357
2015;1;1;6;12166.66667;1091;322.8;10;11156;8332;4035;4182;147
2015;1;1;3;8611.111111;307;0;6;517;1508;1019;1381;362
2015;1;1;50;13338.33333;1535;528;15;30725;39252;26825;27152;327
2015;1;0;4;10937.5;399;38;6;9663;2442;1856;2125;269
2015;1;1;12;11541.66667;1015;211;3;16149;9426;8685;10543;1858
2015;1;1;20;7520.833333;1529;24;1;15370;10109;13529;12321;-1208
2015;1;1;52;22488.78205;2781;41.14;15;311954;53938;44888;27552;-17336
2015;1;1;55;10727.27273;2424;846;2;29288;34094;15980;17421;1441
2015;1;1;34;14424.01961;2127;335;17;24194;23662;16536;21112;4576
2015;1;1;32;10210.9375;0;216;3;12394;13383;11193;12195;1002
2015;1;1;8;11697.91667;2294;0;6;5491;2370;1147;1285;138
2015;1;1;8;9562.5;101;212;2;3926;3995;8858;3591;-5267
2015;1;1;301;18405.03876;9442;2243;62;318005;294134;188907;191669;2762
2015;1;1;250;15214.66667;9030;1282;41;324503;195664;110879;112196;1317
2015;1;1;232;19594.46839;5631;3096.2;45;384755;283613;140756;162832;22076
2015;1;1;101;11512.37624;3418;1015;24;71474;68567;35933;32982;-2951
2015;1;1;14;9392.857143;327;0;4;11894;11225;9858;10244;386
2015;1;1;60;16011.11111;4219;263;17;122936;56197;39061;33728;-5333
2015;1;0;4;9708.333333;200;0;0;4492;672;672;672;0
2015;1;1;57;16975.1462;5706;1534;17;489446;135838;14487;16843;2356
2015;1;1;1;11083.33333;170;0;0;306;333;333;889;556
2015;1;1;4;6125;2112;20;0;5710;975;746;306;-440
2015;1;1;14;8244.047619;2161;113;25;8367;3658;4324;4127;-197
2015;1;1;108;17895.83333;4449;1401;24;199170;128819;83584;86577;2993
2015;1;1;7;9345.238095;928;0;8;12375;3876;2575;3342;767
2015;1;1;99;24389.73064;4489;1748;26;366947;172923;107878;106274;-1604
2015;1;1;209;15963.31738;3531;1869;40;205168;214127;126169;128028;1859
2015;1;1;77;13520.56277;3515;1011;38;239745;103443;90876;88908;-1968
2015;1;1;1180;21612.78249;0;0;34;2430269;2649716;2166700;2662846;496146
2015;1;1;22;18344.69697;3325;0;13;72416;36767;16495;17472;977
2015;1;1;366;14996.12933;6111;0;57;255226;554861;457668;504276;46608
2015;1;1;4;20458.33333;3912;0;0;4842;41064;17313;23268;5955
2015;1;1;164;12196.64634;4164;1121;32;134675;105982;82454;63654;-18800
2015;1;1;71;14748.82629;4659;714;18;318385;72698;49873;44107;-5766
2015;1;0;29;12962.64368;501;0;8;31104;12774;9283;5454;-3829
2015;1;1;103;18226.53722;3798;1995;32;145446;91415;58290;60600;2310
2015;1;1;3;9916.666667;778;0;0;725;5434;25;25;0
2015;1;1;11;9893.939394;6000;0;0;38157;19123;6226;12470;6244
2015;1;1;20;12983.33333;2230;0;12;13959;24613;13023;15307;2284
2015;1;1;16;9276.041667;440;760;5;15538;27730;23201;23965;764
2015;1;1;77;12193.72294;5718;1498;21;111990;92684;56171;70249;14078
2015;1;1;71;14495.30516;3991;916;26;83871;64862;43260;44074;814
2015;1;1;90;12068.51852;3576;893;34;66684;61497;42528;43898;1370
2015;1;1;80;15861.45833;5986;1290;25;145869;80814;51671;56073;4402
2015;1;1;43;11560.07752;2862;302;6;37203;36689;17283;17646;363
2015;1;1;139;14746.40288;3822;3525;75;290134;187361;130433;154932;24499
2015;1;0;15;13716.66667;3443;0;16;41327;5462;2894;2453;-441
2015;1;1;47;19003.5461;2885;719;26;53500;46448;35545;33115;-2430
2015;1;0;18;10518.51852;1598;0;1;5985;3094;5652;4689;-963
2015;1;1;71;12534.03756;3480;852;22;85318;49288;37522;37672;150
2015;1;1;82;13987.80488;3282;922;24;87121;53079;36599;39904;3305
2015;1;1;122;15310.79235;5494;1554.5;20;103700;81731;58713;62034;3321
2015;1;1;99;15620.37037;4280;1620.38;30;116699;86265;52160;58066;5906
2015;1;1;103;12180.42071;3771;1255;27;114607;71829;53626;57376;3750
2015;1;1;195;13882.05128;7890;1912;45;230767;156554;115033;134064;19031
2015;1;1;99;18908.24916;4674;1397;34;144627;89086;70536;75849;5313
2015;1;1;47;12560.28369;2157;744;15;71441;37557;23366;25356;1990
2015;1;1;64;12770.83333;4652;605;19;68407;56247;48097;50238;2141
2015;1;1;91;11487.17949;4225;772;20;91966;47630;39620;48671;9051
2015;1;1;11;8030.30303;1569;83;7;12317;7027;6583;5313;-1270
2015;1;1;10;9408.333333;2793;76;7;24937;10236;9231;8561;-670
2015;1;0;0.32;7812.5;1059;0;0;818;79;79;156;77
2015;1;1;112;18204.6131;6405;1797;26;170127;93145;62617;74290;11673
2015;1;1;164;11918.69919;8540;1201;28;83160;85120;42040;48510;6470
2015;1;1;68;10927.69608;3611;809;22;41177;34491;20283;20207;-76
2015;1;0;302;8430.463576;1040;0;0;1057;844;844;312;-532
2015;1;1;2;10708.33333;9494;0;34;182947;86894;81210;77042;-4168
2015;1;1;132;15880.68182;4953;1429;32;118749;106574;65332;66522;1190
2015;1;1;71;18640.84507;2947;939;25;66775;53179;33616;44285;10669
2015;1;1;136;16155.02451;2817;1617;33;176830;112509;76411;78165;1754
2015;1;1;105;15517.46032;3495;1295;27;105334;78444;53584;57355;3771
2015;1;1;50;8675;2976;590;14;42635;24842;13223;14556;1333
2015;1;1;15;9172.222222;1307;168;5;10620;4979;3653;3984;331
2015;1;1;95;13944.73684;6981;979;26;135811;76556;45402;45236;-166
2015;1;1;43;10594.96124;2957;462;14;45108;31950;22326;18826;-3500
2015;1;1;101;17633.66337;1553;917;37;147290;108043;60822;72259;11437
2015;1;1;20;13750;564;303;17;19130;23021;11034;11202;168
2015;1;1;22;13215.90909;891;307;16;9604;15582;8305;9487;1182
2015;1;1;50;9193.333333;3441;719;32;48081;62881;34803;39097;4294
2015;1;1;11;7500;662;40;10;5805;4137;3050;3530;480
2015;1;1;14;8059.52381;616;310;2;25856;14832;11656;8024;-3632
2015;1;1;4;9062.5;150;0;5;2796;1198;584;1504;920
2015;1;1;14;9083.333333;430;185;7;4225;9116;5987;6095;108
2015;1;1;28;10056.54762;747;234;10;23947;12160;9048;6763;-2285
2015;1;1;79;20333.33333;14890;0;46;179964;152597;130467;154299;24670
2015;1;1;19;8135.964912;3318;495.46;0;62598;26484;20192;17512;-2663
2015;1;1;7;9940.47619;1720;0;0;627;4398;3443;3189;-254
2015;1;1;53;9915.09434;2870;611;7;16579;36474;20677;22521;1913
2015;1;1;14;8136.904762;2148;0;9;45941;19746;11665;9685;28
2015;1;1;10;8283.333333;461;0;6;4841;6848;3630;3664;34
2015;1;1;7;9940.47619;1720;0;0;627;4398;3443;3189;-254
2015;1;1;118;17158.89831;17620;152;14;7751;231651;124634;194675;71505
2015;1;1;21;8369.047619;1997;282;7;22410;15485;7981;7490;-394
2015;1;1;1;8333.333333;1114;0;17;2810;2310;1406;1533;127
2015;1;1;1;8000;2677;0;2;2322;1705;995;766;-229
2015;1;1;5;8000;2166;223;5;11234;13132;7473;9224;1751
2015;1;1;11;8234.848485;4536;0;7;29238;20285;11697;11432;-265
2015;1;1;41;8668.699187;5495;642;15;97703;53559;35985;39645;3660
2015;1;1;51;7782.679739;2215;0;11;81677;68711;47915;51940;4025
2015;1;1;23;10094.2029;1726;0;11;25932;31493;26034;25334;-700
2015;1;1;2;8833.333333;183;0;3;185;1004;995;1094;99
2015;1;1;13;11493.58974;1183;0;13;18492;10862;7900;11458;3558
2015;1;1;14;8660.714286;2285;0;8;23464;13750;5162;6003;841
2015;1;1;51;7782.679739;2215;0;11;81677;68711;47915;51940;4025
2015;1;1;4;9437.5;1293;0;13;19367;7694;6132;6936;804
2015;1;1;2;9250;1866;0;9;18026;3444;44;57;13
2015;1;1;30;12255.55556;3723;260;20;40802;28542;16576;14522;-2054
2015;1;1;18;10990.74074;1786;174;12;21409;14848;10185;11853;1668
2015;1;1;6;9888.888889;1514;0;7;20868;8041;7724;7915;191
2015;1;1;2;7166.666667;825;0;7;6627;754;548;499;-49
2015;1;1;14;8375;700;177;10;5132;7573;4354;4070;-284
2015;1;1;11;8166.666667;550;0;6;1401;3809;2793;3493;700
2015;1;1;10;9666.666667;864;158;6;1077;5824;4854;3347;-1507
2015;1;1;1;0;435;0;2;645;607;450;625;175
2015;1;1;0.16;14062.5;566;0;6;1071;48;52;78;26
2015;1;1;137;21665.45012;3364;1401;44;188961;139746;87954;100180;12226
2015;1;1;44;8285.984848;2403;779;20;33252;40661;29753;29309;-444
2015;1;1;27;10879.62963;600;346;0;5952;17578;15477;12937;-2540
2015;1;1;30;12980.55556;2350;0;5;6536;27982;17302;15487;-1815
2015;1;1;1;1916.666667;279;0;0;0;1046;65;40;-25
2015;1;1;10;11258.33333;1270;0;12;32809;11024;7456;6232;-1224
2015;1;1;12;8402.777778;1598;0;8;19317;10020;9317;11068;1751
2015;1;1;58;11655.17241;5666;0;30;94799;57856;43320;57566;14246
2015;1;1;56;11549.10714;3632;440;22;49560;39396;22846;23595;749
2015;1;1;174;13992.81609;7008;1366;42;173518;114858;84506;88630;4124
2015;1;1;78;13024.57265;0;469;0;0;41399;29436;43014;13578
2015;1;0;1;2833.333333;89;0;2;639;73;99;78;-21
2015;1;1;25;9763.333333;1944;504.08;9;70374;29280;16760;28811;12051
2015;1;1;56;11184.52381;3760;720;30;51830;41092;23158;19909;-3249
2015;1;0;1;10333.33333;342;0;3;626;214;111;98;-13
2015;1;0;5;10950;1767;33;11;8586;2147;2038;1307;-731
2015;1;0;4;10062.5;1690;22;7;9241;1668;1212;444;-768
2015;1;0;1;10583.33333;800;0;3;13631;330;131;165;34
2015;1;1;3;10055.55556;1005;0;4;5975;1821;1505;765;-740
2015;1;1;16;9520.833333;3344;123;13;26252;8588;6808;3894;-2914
2015;1;1;7;11821.42857;2336;497;21;34753;13496;8031;8869;838
2015;1;1;7;12190.47619;1831;341;7;67865;21189;8924;8581;-343
2015;1;1;24;8722.222222;2432;309;22;28871;16322;7474;7470;-4
2015;1;1;13;8756.410256;1058;184;11;18810;9145;3938;2788;-1150
2015;1;1;11;8515.151515;1147;151;15;12793;5313;3533;3150;-383
2015;1;1;5;8183.333333;1717;65;2;6508;5374;4622;2393;-2229
2015;1;1;4;8854.166667;351;50;5;7610;2482;1231;982;-249
2015;1;1;1;11166.66667;365;0;0;2147;717;255;255;0
2015;1;1;6;8166.666667;310;0;4;1899;1002;678;572;-106
2015;1;1;4;14333.33333;1885;207;0;8808;3591;1059;2311;1252
2015;1;1;76;14557.01754;2697;1018;28;116282;72071;43136;43575;439
2015;1;1;89;12821.16105;2598;970;35;67345;63746;39586;40312;726
2015;1;1;26;8714.74359;2896;362;17;20421;16054;10332;10931;599
2015;1;1;165;19804.54545;4087;1987;44;323699;167993;105487;153002;47515
2015;1;1;71;11623.23944;2590;790;5;22729;40145;26232;24145;-2087
2015;1;1;76;14799.34211;2505;606;40;61641;47843;26868;32937;6069
2015;1;1;60;11327.77778;2608;567;28;48213;33484;19421;19755;334
2015;1;1;28;10303.57143;1384;90;1;5791;9266;8967;3368;-5599
2015;1;1;11;9583.333333;367;149;11;10658;6937;4476;5096;620
2015;1;1;29;11436.78161;2390;452;18;24583;21305;13853;13609;-244
2015;1;1;73;11315.06849;1517;631;20;63198;46928;27429;29845;2416
2015;1;1;11;9992.424242;947;171;12;26969;7336;4814;3948;-866
